time,temperature_2m (°C),shortwave_radiation (W/m²),Cell_Temp (°C),Solar_Power (kW)
2025-12-20T12:00,24.4,160,29.4,0.157184
2025-12-20T13:00,22.8,13,23.20625,0.013093275
2025-12-20T14:00,22.1,0,22.1,0
2025-12-20T15:00,21.7,0,21.7,0
2025-12-20T16:00,21.1,0,21.1,0
2025-12-20T17:00,20.7,0,20.7,0
2025-12-20T18:00,20,0,20,0
2025-12-20T19:00,19.6,0,19.6,0
2025-12-20T20:00,19.4,0,19.4,0
2025-12-20T21:00,18.9,0,18.9,0
2025-12-20T22:00,18.7,0,18.7,0
2025-12-20T23:00,18.3,0,18.3,0
2025-12-21T00:00,18,0,18,0
2025-12-21T01:00,17.8,0,17.8,0
2025-12-21T02:00,19.5,59,21.34375,0.059862875
2025-12-21T03:00,21.3,282,30.1125,0.2762331
2025-12-21T04:00,23.1,521,39.38125,0.491029475
2025-12-21T05:00,24.9,699,46.74375,0.638204475
2025-12-21T06:00,26.2,857,52.98125,0.761080275
2025-12-21T07:00,27.2,916,55.825,0.8030572
2025-12-21T08:00,27.8,898,55.8625,0.7871419
2025-12-21T09:00,28.1,805,53.25625,0.714014875
2025-12-21T10:00,28.1,645,48.25625,0.584998875
2025-12-21T11:00,27.6,433,41.13125,0.405060675
2025-12-21T12:00,25.8,194,31.8625,0.1886747
2025-12-21T13:00,23.8,16,24.3,0.0160448
2025-12-21T14:00,23.1,0,23.1,0
2025-12-21T15:00,22.5,0,22.5,0
2025-12-21T16:00,21.7,0,21.7,0
2025-12-21T17:00,20.8,0,20.8,0
2025-12-21T18:00,20.6,0,20.6,0
2025-12-21T19:00,20.4,0,20.4,0
2025-12-21T20:00,20.2,0,20.2,0
2025-12-21T21:00,19.8,0,19.8,0
2025-12-21T22:00,19.6,0,19.6,0
2025-12-21T23:00,19.4,0,19.4,0
2025-12-22T00:00,19.2,0,19.2,0
2025-12-22T01:00,19.1,0,19.1,0
2025-12-22T02:00,20.5,50,22.0625,0.0505875
2025-12-22T03:00,22.1,249,29.88125,0.244138275
2025-12-22T04:00,23.2,457,37.48125,0.434184275
2025-12-22T05:00,24.6,698,46.4125,0.6382163
2025-12-22T06:00,25.9,831,51.86875,0.741688275
2025-12-22T07:00,27,887,54.71875,0.781557875
2025-12-22T08:00,27.7,874,55.0125,0.7690763
2025-12-22T09:00,28,761,51.78125,0.679477875
2025-12-22T10:00,27.9,593,46.43125,0.542165075
2025-12-22T11:00,27.2,317,37.10625,0.301649275
2025-12-22T12:00,25.5,170,30.8125,0.1660475
2025-12-22T13:00,23.5,17,24.03125,0.017065875
2025-12-22T14:00,22.9,0,22.9,0
2025-12-22T15:00,22.5,0,22.5,0
2025-12-22T16:00,21.8,0,21.8,0
2025-12-22T17:00,21,0,21,0
2025-12-22T18:00,20.6,0,20.6,0
2025-12-22T19:00,20.4,0,20.4,0
2025-12-22T20:00,20.2,0,20.2,0
2025-12-22T21:00,19.9,0,19.9,0
2025-12-22T22:00,19.6,0,19.6,0
2025-12-22T23:00,19.3,0,19.3,0
2025-12-23T00:00,19.1,0,19.1,0
2025-12-23T01:00,18.9,0,18.9,0
2025-12-23T02:00,20.7,53,22.35625,0.053560475
2025-12-23T03:00,22.7,248,30.45,0.2425936
2025-12-23T04:00,24.6,503,40.31875,0.472178675
2025-12-23T05:00,26.4,718,48.8375,0.6495387
2025-12-23T06:00,27.6,824,53.35,0.7305584
2025-12-23T07:00,28.2,846,54.6375,0.7457067
2025-12-23T08:00,28.6,833,54.63125,0.734268675
2025-12-23T09:00,28.8,725,51.45625,0.648276875
2025-12-23T10:00,28.8,570,46.6125,0.5207235
2025-12-23T11:00,28.6,423,41.81875,0.394542675
2025-12-23T12:00,27,193,33.03125,0.186799875
2025-12-23T13:00,24.9,17,25.43125,0.016970675
2025-12-23T14:00,24.1,0,24.1,0
2025-12-23T15:00,23.6,0,23.6,0
2025-12-23T16:00,23.2,0,23.2,0
2025-12-23T17:00,22.6,0,22.6,0
2025-12-23T18:00,22.1,0,22.1,0
2025-12-23T19:00,21.5,0,21.5,0
2025-12-23T20:00,20.9,0,20.9,0
2025-12-23T21:00,20.4,0,20.4,0
2025-12-23T22:00,20,0,20,0
2025-12-23T23:00,19.8,0,19.8,0
2025-12-24T00:00,19.8,0,19.8,0
2025-12-24T01:00,19.8,0,19.8,0
2025-12-24T02:00,21.5,61,23.40625,0.061388875
2025-12-24T03:00,23.4,286,32.3375,0.2776059
2025-12-24T04:00,25,515,41.09375,0.481846875
2025-12-24T05:00,26.4,705,48.43125,0.638923875
2025-12-24T06:00,27.6,837,53.75625,0.740724075
2025-12-24T07:00,28.5,899,56.59375,0.785388875
2025-12-24T08:00,29.2,886,56.8875,0.7729907
2025-12-24T09:00,29.6,799,54.56875,0.704498275
2025-12-24T10:00,29.6,644,49.725,0.5803084
2025-12-24T11:00,29.1,435,42.69375,0.404212875
2025-12-24T12:00,27.4,199,33.61875,0.192139475
2025-12-24T13:00,25.1,18,25.6625,0.0179523
2025-12-24T14:00,24,0,24,0
2025-12-24T15:00,23.3,0,23.3,0
2025-12-24T16:00,23,0,23,0
2025-12-24T17:00,22.5,0,22.5,0
2025-12-24T18:00,21.9,0,21.9,0
2025-12-24T19:00,21.3,0,21.3,0
2025-12-24T20:00,20.8,0,20.8,0
2025-12-24T21:00,20.4,0,20.4,0
2025-12-24T22:00,20,0,20,0
2025-12-24T23:00,19.9,0,19.9,0
2025-12-25T00:00,19.8,0,19.8,0
2025-12-25T01:00,19.7,0,19.7,0
2025-12-25T02:00,21.2,51,22.79375,0.051450075
2025-12-25T03:00,22.8,260,30.925,0.253838
2025-12-25T04:00,24.4,508,40.275,0.4769612
2025-12-25T05:00,25.8,701,47.70625,0.637331675
2025-12-25T06:00,26.9,833,52.93125,0.739933075
2025-12-25T07:00,27.8,893,55.70625,0.783317275
2025-12-25T08:00,28.4,875,55.74375,0.767396875
2025-12-25T09:00,28.9,793,53.68125,0.702023075
2025-12-25T10:00,29,639,48.96875,0.577735875
2025-12-25T11:00,28.6,434,42.1625,0.4042059
2025-12-25T12:00,26.9,199,33.11875,0.192537475
2025-12-25T13:00,24.7,18,25.2625,0.0179811
2025-12-25T14:00,23.8,0,23.8,0
2025-12-25T15:00,23.4,0,23.4,0
2025-12-25T16:00,23.3,0,23.3,0
2025-12-25T17:00,23.1,0,23.1,0
2025-12-25T18:00,22.6,0,22.6,0
2025-12-25T19:00,21.8,0,21.8,0
2025-12-25T20:00,21.3,0,21.3,0
2025-12-25T21:00,20.7,0,20.7,0
2025-12-25T22:00,20.5,0,20.5,0
2025-12-25T23:00,20.3,0,20.3,0
2025-12-26T00:00,20.1,0,20.1,0
2025-12-26T01:00,20.1,0,20.1,0
2025-12-26T02:00,21.8,52,23.425,0.0523276
2025-12-26T03:00,23.6,251,31.44375,0.244530475
2025-12-26T04:00,25.1,501,40.75625,0.469424475
2025-12-26T05:00,27.1,695,48.81875,0.628783875
2025-12-26T06:00,28.3,815,53.76875,0.721213875
2025-12-26T07:00,29.1,849,55.63125,0.744976275
2025-12-26T08:00,28.9,628,48.525,0.5689052
2025-12-26T09:00,27.9,297,37.18125,0.282528675
2025-12-26T10:00,28.2,339,38.79375,0.320295675
2025-12-26T11:00,26.2,87,28.91875,0.085636275
2025-12-26T12:00,25.2,43,26.54375,0.042734475
2025-12-26T13:00,24.9,8,25.15,0.0079952
2025-12-26T14:00,24.5,0,24.5,0
2025-12-26T15:00,24.4,0,24.4,0
2025-12-26T16:00,23.8,0,23.8,0
2025-12-26T17:00,23.4,0,23.4,0
2025-12-26T18:00,22.9,0,22.9,0
2025-12-26T19:00,22.8,0,22.8,0
2025-12-26T20:00,22.7,0,22.7,0
2025-12-26T21:00,22.3,0,22.3,0
2025-12-26T22:00,22,0,22,0
2025-12-26T23:00,21.5,0,21.5,0
2025-12-27T00:00,20.6,0,20.6,0
2025-12-27T01:00,20.2,0,20.2,0
2025-12-27T02:00,21.2,55,22.91875,0.055457875
2025-12-27T03:00,22.9,263,31.11875,0.256563075
2025-12-27T04:00,24.3,462,38.7375,0.4366131
2025-12-27T05:00,25.8,673,46.83125,0.614230275
2025-12-27T06:00,27.1,812,52.475,0.7227612
2025-12-27T07:00,28.2,869,55.35625,0.763481675
2025-12-27T08:00,28.7,754,52.2625,0.6717763
2025-12-27T09:00,28.6,521,44.88125,0.479567475
2025-12-27T10:00,28.5,337,39.03125,0.318085875
2025-12-27T11:00,28.3,261,36.45625,0.249039675
2025-12-27T12:00,27,127,30.96875,0.123967875
2025-12-27T13:00,24.8,19,25.39375,0.018970075
2025-12-27T14:00,24,0,24,0
2025-12-27T15:00,23.6,0,23.6,0
2025-12-27T16:00,23.4,0,23.4,0
2025-12-27T17:00,23,0,23,0
2025-12-27T18:00,22.9,0,22.9,0
2025-12-27T19:00,22.5,0,22.5,0
2025-12-27T20:00,22,0,22,0
2025-12-27T21:00,20.9,0,20.9,0
2025-12-27T22:00,20.6,0,20.6,0
2025-12-27T23:00,20.4,0,20.4,0
2025-12-28T00:00,20.3,0,20.3,0
2025-12-28T01:00,20.3,0,20.3,0
2025-12-28T02:00,21.7,56,23.45,0.0563472
2025-12-28T03:00,23.6,276,32.225,0.2680236
2025-12-28T04:00,25.1,505,40.88125,0.472919875
2025-12-28T05:00,26.6,696,48.35,0.6309936
2025-12-28T06:00,27.9,829,53.80625,0.733478475
2025-12-28T07:00,28.6,891,56.44375,0.778934475
2025-12-28T08:00,29.1,877,56.50625,0.766476075
2025-12-28T09:00,29.5,791,54.21875,0.698551875
2025-12-28T10:00,29.6,639,49.56875,0.576202275
2025-12-28T11:00,29.3,436,42.925,0.4047388
2025-12-28T12:00,27.8,203,34.14375,0.195575275
2025-12-28T13:00,25.3,20,25.925,0.019926
2025-12-28T14:00,24.4,0,24.4,0
2025-12-28T15:00,23.8,0,23.8,0
2025-12-28T16:00,23.4,0,23.4,0
2025-12-28T17:00,22.9,0,22.9,0
2025-12-28T18:00,22.6,0,22.6,0
2025-12-28T19:00,22.3,0,22.3,0
2025-12-28T20:00,21.2,0,21.2,0
2025-12-28T21:00,21,0,21,0
2025-12-28T22:00,20.9,0,20.9,0
2025-12-28T23:00,20.7,0,20.7,0
2025-12-29T00:00,20.7,0,20.7,0
2025-12-29T01:00,20.6,0,20.6,0
2025-12-29T02:00,21.1,40,22.35,0.040424
2025-12-29T03:00,22.5,182,28.1875,0.1796795
2025-12-29T04:00,23.5,361,34.78125,0.346875875
2025-12-29T05:00,24.6,555,41.94375,0.517384875
2025-12-29T06:00,25.6,680,46.85,0.620568
2025-12-29T07:00,26.8,770,50.8625,0.6903435
2025-12-29T08:00,27.6,791,52.31875,0.704563475
2025-12-29T09:00,28.2,735,51.16875,0.658063875
2025-12-29T10:00,28.3,599,47.01875,0.546243075
2025-12-29T11:00,27.7,405,40.35625,0.380122875
2025-12-29T12:00,26.8,193,32.83125,0.186954275
2025-12-29T13:00,24.8,19,25.39375,0.018970075
2025-12-29T14:00,23.7,0,23.7,0
2025-12-29T15:00,23.6,0,23.6,0
2025-12-29T16:00,23.1,0,23.1,0
2025-12-29T17:00,22.4,0,22.4,0
2025-12-29T18:00,22.1,0,22.1,0
2025-12-29T19:00,21.5,0,21.5,0
2025-12-29T20:00,20.9,0,20.9,0
2025-12-29T21:00,20.5,0,20.5,0
2025-12-29T22:00,19.9,0,19.9,0
2025-12-29T23:00,19.5,0,19.5,0
2025-12-30T00:00,19.2,0,19.2,0
2025-12-30T01:00,19,0,19,0
2025-12-30T02:00,19.9,55,21.61875,0.055743875
2025-12-30T03:00,23.5,253,31.40625,0.246516875
2025-12-30T04:00,24.8,407,37.51875,0.386619475
2025-12-30T05:00,26,555,43.34375,0.514276875
2025-12-30T06:00,27.3,663,48.01875,0.601954275
2025-12-30T07:00,28.4,789,53.05625,0.700454475
2025-12-30T08:00,29.2,800,54.2,0.70656
2025-12-30T09:00,29.5,696,51.25,0.62292
2025-12-30T10:00,29.3,582,47.4875,0.5296491
2025-12-30T11:00,28.5,402,41.0625,0.3761715
2025-12-30T12:00,27.7,176,33.2,0.1702272
2025-12-30T13:00,26,18,26.5625,0.0178875
2025-12-30T14:00,24.5,0,24.5,0
2025-12-30T15:00,24,0,24,0
2025-12-30T16:00,23.7,0,23.7,0
2025-12-30T17:00,23.1,0,23.1,0
2025-12-30T18:00,22.1,0,22.1,0
2025-12-30T19:00,21.7,0,21.7,0
2025-12-30T20:00,21.8,0,21.8,0
2025-12-30T21:00,21.5,0,21.5,0
2025-12-30T22:00,21.1,0,21.1,0
2025-12-30T23:00,20.5,0,20.5,0
2025-12-31T00:00,19.7,0,19.7,0
2025-12-31T01:00,19.7,0,19.7,0
2025-12-31T02:00,21,56,22.75,0.056504
2025-12-31T03:00,24.6,237,32.00625,0.230358075
2025-12-31T04:00,25.8,406,38.4875,0.3840963
2025-12-31T05:00,27,528,43.5,0.488928
2025-12-31T06:00,28.7,687,50.16875,0.617836275
2025-12-31T07:00,29.6,742,52.7875,0.6595267
2025-12-31T08:00,30.2,708,52.325,0.6306156
2025-12-31T09:00,30,623,49.46875,0.562023875
2025-12-31T10:00,29.9,475,44.74375,0.437486875
2025-12-31T11:00,29.3,334,39.7375,0.3143107
2025-12-31T12:00,28.2,167,33.41875,0.161376275
2025-12-31T13:00,26.2,16,26.7,0.0158912
2025-12-31T14:00,24.9,0,24.9,0
2025-12-31T15:00,24.2,0,24.2,0
2025-12-31T16:00,23.1,0,23.1,0
2025-12-31T17:00,22.7,0,22.7,0
2025-12-31T18:00,22.8,0,22.8,0
2025-12-31T19:00,22.5,0,22.5,0
2025-12-31T20:00,22.1,0,22.1,0
2025-12-31T21:00,21.9,0,21.9,0
2025-12-31T22:00,21.6,0,21.6,0
2025-12-31T23:00,21.2,0,21.2,0
2026-01-01T00:00,20.9,0,20.9,0
2026-01-01T01:00,20.4,0,20.4,0
2026-01-01T02:00,21.3,50,22.8625,0.0504275
2026-01-01T03:00,24,224,31,0.218624
2026-01-01T04:00,25.1,353,36.13125,0.337282675
2026-01-01T05:00,26.6,482,41.6625,0.4498747
2026-01-01T06:00,27.9,564,45.525,0.5176956
2026-01-01T07:00,28.6,628,48.225,0.5696588
2026-01-01T08:00,29.4,683,50.74375,0.612668075
2026-01-01T09:00,29.7,593,48.23125,0.537895475
2026-01-01T10:00,29.4,462,43.8375,0.4271883
2026-01-01T11:00,28.3,313,38.08125,0.296622275
2026-01-01T12:00,26.7,129,30.73125,0.126042675
2026-01-01T13:00,25.1,13,25.50625,0.012973675
2026-01-01T14:00,23.9,0,23.9,0
2026-01-01T15:00,23,0,23,0
2026-01-01T16:00,22.6,0,22.6,0
2026-01-01T17:00,22.3,0,22.3,0
2026-01-01T18:00,22,0,22,0
2026-01-01T19:00,22,0,22,0
2026-01-01T20:00,22,0,22,0
2026-01-01T21:00,21.9,0,21.9,0
2026-01-01T22:00,21.7,0,21.7,0
2026-01-01T23:00,21.5,0,21.5,0
2026-01-02T00:00,21.7,0,21.7,0
2026-01-02T01:00,21.7,0,21.7,0
2026-01-02T02:00,22,15,22.46875,0.015151875
2026-01-02T03:00,22.8,72,25.05,0.0719856
2026-01-02T04:00,23.6,164,28.725,0.1615564
2026-01-02T05:00,24.4,249,32.18125,0.241847475
2026-01-02T06:00,26.3,311,36.01875,0.297292675
2026-01-02T07:00,27,512,43,0.475136
2026-01-02T08:00,27.3,392,39.55,0.3691856
2026-01-02T09:00,27.4,379,39.24375,0.357406475
2026-01-02T10:00,27.1,342,37.7875,0.3245067
2026-01-02T11:00,26.7,243,34.29375,0.233966475
2026-01-02T12:00,26.1,126,30.0375,0.1234611
2026-01-02T13:00,24.8,15,25.26875,0.014983875
2026-01-02T14:00,23.6,0,23.6,0
2026-01-02T15:00,22.6,0,22.6,0
2026-01-02T16:00,22.2,0,22.2,0
2026-01-02T17:00,21.8,0,21.8,0
2026-01-02T18:00,22.1,0,22.1,0
2026-01-02T19:00,21.8,0,21.8,0
2026-01-02T20:00,21.4,0,21.4,0
2026-01-02T21:00,21.2,0,21.2,0
2026-01-02T22:00,21.1,0,21.1,0
2026-01-02T23:00,21.1,0,21.1,0
2026-01-03T00:00,21,0,21,0
2026-01-03T01:00,21.1,0,21.1,0
2026-01-03T02:00,21.6,44,22.975,0.0443564
2026-01-03T03:00,22.9,191,28.86875,0.188044275
2026-01-03T04:00,24,347,34.84375,0.333336875
2026-01-03T05:00,25,476,39.875,0.447678
2026-01-03T06:00,26.3,589,44.70625,0.542572075
2026-01-03T07:00,27.5,707,49.59375,0.637448875
2026-01-03T08:00,28.1,727,50.81875,0.651919075
2026-01-03T09:00,28.3,651,48.64375,0.589431675
2026-01-03T10:00,28.1,498,43.6625,0.4608243
2026-01-03T11:00,27.6,356,38.725,0.3364556
2026-01-03T12:00,26.9,181,32.55625,0.175529275
2026-01-03T13:00,25.3,20,25.925,0.019926
2026-01-03T14:00,24.4,0,24.4,0
2026-01-03T15:00,24.1,0,24.1,0
2026-01-03T16:00,23.1,0,23.1,0
2026-01-03T17:00,22.7,0,22.7,0
2026-01-03T18:00,22.2,0,22.2,0
2026-01-03T19:00,21.9,0,21.9,0
2026-01-03T20:00,21.3,0,21.3,0
2026-01-03T21:00,20.8,0,20.8,0
2026-01-03T22:00,20.8,0,20.8,0
2026-01-03T23:00,20.7,0,20.7,0
2026-01-04T00:00,20.7,0,20.7,0
2026-01-04T01:00,20.4,0,20.4,0
2026-01-04T02:00,20.7,55,22.41875,0.055567875
2026-01-04T03:00,22.4,269,30.80625,0.262752475
2026-01-04T04:00,23.7,504,39.45,0.4748688
2026-01-04T05:00,25.2,702,47.1375,0.6398379
2026-01-04T06:00,26.8,839,53.01875,0.744969075
2026-01-04T07:00,27.9,902,56.0875,0.7898363
2026-01-04T08:00,28.4,879,55.86875,0.770465475
2026-01-04T09:00,28.5,792,53.25,0.702504
2026-01-04T10:00,28.3,643,48.39375,0.582831275
2026-01-04T11:00,27.6,424,40.85,0.3971184
2026-01-04T12:00,26.5,193,32.53125,0.187185875
2026-01-04T13:00,24.8,22,25.4875,0.0219571
2026-01-04T14:00,23.6,0,23.6,0
2026-01-04T15:00,22.9,0,22.9,0
2026-01-04T16:00,22.2,0,22.2,0
2026-01-04T17:00,21.1,0,21.1,0
2026-01-04T18:00,20.7,0,20.7,0
2026-01-04T19:00,20.6,0,20.6,0
2026-01-04T20:00,20.2,0,20.2,0
2026-01-04T21:00,19.8,0,19.8,0
2026-01-04T22:00,19.5,0,19.5,0
2026-01-04T23:00,19.3,0,19.3,0
2026-01-05T00:00,19.2,0,19.2,0
2026-01-05T01:00,18.8,0,18.8,0
2026-01-05T02:00,19.1,59,20.94375,0.059957275
2026-01-05T03:00,22.3,273,30.83125,0.266632275
2026-01-05T04:00,23.8,489,39.08125,0.461457075
2026-01-05T05:00,25.3,689,46.83125,0.628833075
2026-01-05T06:00,26.6,828,52.475,0.7370028
2026-01-05T07:00,27.6,896,55.6,0.7863296
2026-01-05T08:00,28.2,882,55.7625,0.7734699
2026-01-05T09:00,28.1,691,49.69375,0.622746475
2026-01-05T10:00,27.9,484,43.025,0.4491036
2026-01-05T11:00,27.4,329,37.68125,0.312311475
2026-01-05T12:00,26.8,170,32.1125,0.1651635
2026-01-05T13:00,25,22,25.6875,0.0219395
2026-01-05T14:00,23.7,0,23.7,0
2026-01-05T15:00,22.8,0,22.8,0
2026-01-05T16:00,22.4,0,22.4,0
2026-01-05T17:00,21.8,0,21.8,0
2026-01-05T18:00,22.1,0,22.1,0
2026-01-05T19:00,21.7,0,21.7,0
2026-01-05T20:00,21.4,0,21.4,0
2026-01-05T21:00,21.1,0,21.1,0
2026-01-05T22:00,20.7,0,20.7,0
2026-01-05T23:00,20.4,0,20.4,0
2026-01-06T00:00,20.4,0,20.4,0
2026-01-06T01:00,20.4,0,20.4,0
2026-01-06T02:00,21,39,22.21875,0.039433875
2026-01-06T03:00,22.4,228,29.525,0.2238732
2026-01-06T04:00,23.6,432,37.1,0.4110912
2026-01-06T05:00,24.4,544,41.4,0.5083136
2026-01-06T06:00,24.8,545,41.83125,0.508307875
2026-01-06T07:00,24.8,359,36.01875,0.343177075
2026-01-06T08:00,25.1,281,33.88125,0.271017475
2026-01-06T09:00,24.7,206,31.1375,0.2009427
2026-01-06T10:00,24.4,180,30.025,0.176382
2026-01-06T11:00,24.3,143,28.76875,0.140844275
2026-01-06T12:00,24.5,55,26.21875,0.054731875
2026-01-06T13:00,23.8,7,24.01875,0.007027475
2026-01-06T14:00,23.3,0,23.3,0
2026-01-06T15:00,22.8,0,22.8,0
2026-01-06T16:00,22.4,0,22.4,0
2026-01-06T17:00,22.1,0,22.1,0
2026-01-06T18:00,21.9,0,21.9,0
2026-01-06T19:00,21.8,0,21.8,0
2026-01-06T20:00,21.7,0,21.7,0
2026-01-06T21:00,21.6,0,21.6,0
2026-01-06T22:00,21.4,0,21.4,0
2026-01-06T23:00,21.3,0,21.3,0
2026-01-07T00:00,21.3,0,21.3,0
2026-01-07T01:00,21.1,0,21.1,0
2026-01-07T02:00,21.5,40,22.75,0.04036
2026-01-07T03:00,22.6,189,28.50625,0.186349275
2026-01-07T04:00,23.3,324,33.425,0.3130812
2026-01-07T05:00,24.5,426,37.8125,0.4041675
2026-01-07T06:00,25.4,484,40.525,0.4539436
2026-01-07T07:00,26.5,499,42.09375,0.464880875
2026-01-07T08:00,27,492,42.375,0.457806
2026-01-07T09:00,27,494,42.4375,0.4595435
2026-01-07T10:00,27.5,523,43.84375,0.483578875
2026-01-07T11:00,27,362,38.3125,0.3427235
2026-01-07T12:00,25.6,189,31.50625,0.184081275
2026-01-07T13:00,23.7,26,24.5125,0.0260507
2026-01-07T14:00,22.4,0,22.4,0
2026-01-07T15:00,21.9,0,21.9,0
2026-01-07T16:00,21.6,0,21.6,0
2026-01-07T17:00,20.9,0,20.9,0
2026-01-07T18:00,20.6,0,20.6,0
2026-01-07T19:00,20.2,0,20.2,0
2026-01-07T20:00,19.6,0,19.6,0
2026-01-07T21:00,19,0,19,0
2026-01-07T22:00,18.5,0,18.5,0
2026-01-07T23:00,18.2,0,18.2,0
2026-01-08T00:00,17.9,0,17.9,0
2026-01-08T01:00,17.7,0,17.7,0
2026-01-08T02:00,18.2,47,19.66875,0.048002275
2026-01-08T03:00,20.3,195,26.39375,0.193912875
2026-01-08T04:00,22,340,32.625,0.32963
2026-01-08T05:00,23.4,559,40.86875,0.523517475
2026-01-08T06:00,25,744,48.25,0.674808
2026-01-08T07:00,25.6,794,50.4125,0.7132899
2026-01-08T08:00,25.9,693,47.55625,0.630474075
2026-01-08T09:00,26.2,605,45.10625,0.556342875
2026-01-08T10:00,26.6,510,42.5375,0.4742235
2026-01-08T11:00,26.1,343,36.81875,0.326784675
2026-01-08T12:00,25.2,180,30.825,0.175806
2026-01-08T13:00,23,21,23.65625,0.021112875
2026-01-08T14:00,21.8,0,21.8,0
2026-01-08T15:00,21,0,21,0
2026-01-08T16:00,20.6,0,20.6,0
2026-01-08T17:00,20.1,0,20.1,0
2026-01-08T18:00,19.8,0,19.8,0
2026-01-08T19:00,19.8,0,19.8,0
2026-01-08T20:00,19.6,0,19.6,0
2026-01-08T21:00,19.3,0,19.3,0
2026-01-08T22:00,19.1,0,19.1,0
2026-01-08T23:00,18.8,0,18.8,0
2026-01-09T00:00,19,0,19,0
2026-01-09T01:00,19,0,19,0
2026-01-09T02:00,19.5,27,20.34375,0.027502875
2026-01-09T03:00,20.9,126,24.8375,0.1260819
2026-01-09T04:00,22.7,295,31.91875,0.286835875
2026-01-09T05:00,23.3,349,34.20625,0.336148075
2026-01-09T06:00,24.6,464,39.1,0.4378304
2026-01-09T07:00,25.4,491,40.74375,0.460079275
2026-01-09T08:00,26,540,42.875,0.50139
2026-01-09T09:00,26.3,527,42.76875,0.489543475
2026-01-09T10:00,25.9,343,36.61875,0.327059075
2026-01-09T11:00,25,252,32.875,0.244062
2026-01-09T12:00,24.7,130,28.7625,0.1280435
2026-01-09T13:00,23.3,20,23.925,0.020086
2026-01-09T14:00,22.6,0,22.6,0
2026-01-09T15:00,22.3,0,22.3,0
2026-01-09T16:00,21.7,0,21.7,0
2026-01-09T17:00,21.2,0,21.2,0
2026-01-09T18:00,21.5,0,21.5,0
2026-01-09T19:00,21.2,0,21.2,0
2026-01-09T20:00,21,0,21,0
2026-01-09T21:00,20.9,0,20.9,0
2026-01-09T22:00,20.8,0,20.8,0
2026-01-09T23:00,20.6,0,20.6,0
2026-01-10T00:00,20.7,0,20.7,0
2026-01-10T01:00,20.5,0,20.5,0
2026-01-10T02:00,20.8,20,21.425,0.020286
2026-01-10T03:00,22.8,135,27.01875,0.133909875
2026-01-10T04:00,23.8,276,32.425,0.2678028
2026-01-10T05:00,24.2,321,34.23125,0.309147075
2026-01-10T06:00,25.9,413,38.80625,0.390192075
2026-01-10T07:00,26.2,461,40.60625,0.432222075
2026-01-10T08:00,26.5,480,41.5,0.44832
2026-01-10T09:00,26.3,449,40.33125,0.421465075
2026-01-10T10:00,26.3,415,39.26875,0.391313875
2026-01-10T11:00,25.6,328,35.85,0.3137648
2026-01-10T12:00,25,138,29.3125,0.1356195
2026-01-10T13:00,23.5,19,24.09375,0.019068875
2026-01-10T14:00,22.6,0,22.6,0
2026-01-10T15:00,22.3,0,22.3,0
2026-01-10T16:00,22.3,0,22.3,0
2026-01-10T17:00,22.1,0,22.1,0
2026-01-10T18:00,22.5,0,22.5,0
2026-01-10T19:00,22.4,0,22.4,0
2026-01-10T20:00,22.2,0,22.2,0
2026-01-10T21:00,22.2,0,22.2,0
2026-01-10T22:00,22.3,0,22.3,0
2026-01-10T23:00,22.2,0,22.2,0
2026-01-11T00:00,22.1,0,22.1,0
2026-01-11T01:00,22,0,22,0
2026-01-11T02:00,21.8,4,21.925,0.0040492
2026-01-11T03:00,21.6,20,22.225,0.020222
2026-01-11T04:00,22,62,23.9375,0.0622635
2026-01-11T05:00,22.3,167,27.51875,0.165317475
2026-01-11T06:00,22.8,217,29.58125,0.213023475
2026-01-11T07:00,24.3,308,33.925,0.2970044
2026-01-11T08:00,24.4,200,30.65,0.19548
2026-01-11T09:00,24.7,310,34.3875,0.2983595
2026-01-11T10:00,24.3,302,33.7375,0.2914451
2026-01-11T11:00,24,230,31.1875,0.2243075
2026-01-11T12:00,24,143,28.46875,0.141015875
2026-01-11T13:00,23.1,22,23.7875,0.0221067
2026-01-11T14:00,22.5,0,22.5,0
2026-01-11T15:00,22.3,0,22.3,0
2026-01-11T16:00,21.9,0,21.9,0
2026-01-11T17:00,21.6,0,21.6,0
2026-01-11T18:00,21.4,0,21.4,0
2026-01-11T19:00,21.2,0,21.2,0
2026-01-11T20:00,21.1,0,21.1,0
2026-01-11T21:00,20.8,0,20.8,0
2026-01-11T22:00,20.8,0,20.8,0
2026-01-11T23:00,20.8,0,20.8,0
2026-01-12T00:00,20.6,0,20.6,0
2026-01-12T01:00,20.6,0,20.6,0
2026-01-12T02:00,21,29,21.90625,0.029358875
2026-01-12T03:00,22.4,148,27.025,0.1468012
2026-01-12T04:00,23.7,262,31.8875,0.2547819
2026-01-12T05:00,25,390,37.1875,0.3709875
2026-01-12T06:00,25.8,378,37.6125,0.3589299
2026-01-12T07:00,26.2,395,38.54375,0.373600875
2026-01-12T08:00,26.9,473,41.68125,0.441439075
2026-01-12T09:00,26.7,483,41.79375,0.450554475
2026-01-12T10:00,26.3,403,38.89375,0.380603275
2026-01-12T11:00,25.4,241,32.93125,0.233354275
2026-01-12T12:00,24.9,117,28.55625,0.115335675
2026-01-12T13:00,23.8,18,24.3625,0.0180459
2026-01-12T14:00,22.9,0,22.9,0
2026-01-12T15:00,22.5,0,22.5,0
2026-01-12T16:00,22.2,0,22.2,0
2026-01-12T17:00,21.9,0,21.9,0
2026-01-12T18:00,22.1,0,22.1,0
2026-01-12T19:00,21.9,0,21.9,0
2026-01-12T20:00,21.6,0,21.6,0
2026-01-12T21:00,21.5,0,21.5,0
2026-01-12T22:00,21.5,0,21.5,0
2026-01-12T23:00,21.3,0,21.3,0
2026-01-13T00:00,21.1,0,21.1,0
2026-01-13T01:00,21.1,0,21.1,0
2026-01-13T02:00,21.6,29,22.50625,0.029289275
2026-01-13T03:00,22.8,145,27.33125,0.143647875
2026-01-13T04:00,23.3,249,31.08125,0.242943075
2026-01-13T05:00,24,273,32.53125,0.264775875
2026-01-13T06:00,24.8,319,34.76875,0.306535075
2026-01-13T07:00,25.5,409,38.28125,0.387271875
2026-01-13T08:00,25.4,474,40.2125,0.4451571
2026-01-13T09:00,25.5,399,37.96875,0.378301875
2026-01-13T10:00,25.5,361,36.78125,0.343987875
2026-01-13T11:00,25.1,264,33.35,0.2551824
2026-01-13T12:00,23.9,104,27.15,0.1031056
2026-01-13T13:00,22.9,15,23.36875,0.015097875
2026-01-13T14:00,22.4,0,22.4,0
2026-01-13T15:00,22.2,0,22.2,0
2026-01-13T16:00,21.9,0,21.9,0
2026-01-13T17:00,21.6,0,21.6,0
2026-01-13T18:00,21.6,0,21.6,0
2026-01-13T19:00,21.9,0,21.9,0
2026-01-13T20:00,21.8,0,21.8,0
2026-01-13T21:00,21.4,0,21.4,0
2026-01-13T22:00,21,0,21,0
2026-01-13T23:00,20.5,0,20.5,0
2026-01-14T00:00,19.8,0,19.8,0
2026-01-14T01:00,19.1,0,19.1,0
2026-01-14T02:00,19.2,49,20.73125,0.049836675
2026-01-14T03:00,22.9,255,30.86875,0.249013875
2026-01-14T04:00,24.3,473,39.08125,0.446358275
2026-01-14T05:00,25.7,680,46.95,0.620296
2026-01-14T06:00,27.4,798,52.3375,0.7107387
2026-01-14T07:00,28.3,866,55.3625,0.7608243
2026-01-14T08:00,29,875,56.34375,0.765296875
2026-01-14T09:00,29,785,53.53125,0.695411875
2026-01-14T10:00,28.9,628,48.525,0.5689052
2026-01-14T11:00,28,427,41.34375,0.399084875
2026-01-14T12:00,27.4,192,33.4,0.1855488
2026-01-14T13:00,25.4,32,26.4,0.0318208
2026-01-14T14:00,24.1,0,24.1,0
2026-01-14T15:00,23.4,0,23.4,0
2026-01-14T16:00,23.1,0,23.1,0
2026-01-14T17:00,22.8,0,22.8,0
2026-01-14T18:00,22.6,0,22.6,0
2026-01-14T19:00,21.7,0,21.7,0
2026-01-14T20:00,21.1,0,21.1,0
2026-01-14T21:00,20.7,0,20.7,0
2026-01-14T22:00,20.4,0,20.4,0
2026-01-14T23:00,20.3,0,20.3,0
2026-01-15T00:00,19.7,0,19.7,0
2026-01-15T01:00,19.4,0,19.4,0
2026-01-15T02:00,20.2,42,21.5125,0.0425859
2026-01-15T03:00,22.5,208,29,0.204672
2026-01-15T04:00,24,431,37.46875,0.409503875
2026-01-15T05:00,25.4,650,45.7125,0.5961475
2026-01-15T06:00,27.4,812,52.775,0.7217868
2026-01-15T07:00,28.4,907,56.74375,0.791833675
2026-01-15T08:00,29,907,57.34375,0.789656875
2026-01-15T09:00,29.3,827,55.14375,0.727284475
2026-01-15T10:00,28.9,679,50.11875,0.610777475
2026-01-15T11:00,28,474,42.8125,0.4402275
2026-01-15T12:00,27.3,236,34.675,0.2268668
2026-01-15T13:00,25.1,36,26.225,0.0358236
2026-01-15T14:00,23.6,0,23.6,0
2026-01-15T15:00,23,0,23,0
2026-01-15T16:00,22.6,0,22.6,0
2026-01-15T17:00,21.9,0,21.9,0
2026-01-15T18:00,21.6,0,21.6,0
2026-01-15T19:00,21.3,0,21.3,0
2026-01-15T20:00,21,0,21,0
2026-01-15T21:00,20.5,0,20.5,0
2026-01-15T22:00,20.1,0,20.1,0
2026-01-15T23:00,19.9,0,19.9,0
2026-01-16T00:00,19.6,0,19.6,0
2026-01-16T01:00,19.4,0,19.4,0
2026-01-16T02:00,19.8,43,21.14375,0.043663275
2026-01-16T03:00,22.3,247,30.01875,0.242041475
2026-01-16T04:00,23.9,483,38.99375,0.455964075
2026-01-16T05:00,25.2,646,45.3875,0.5933187
2026-01-16T06:00,26.3,665,47.08125,0.606263875
2026-01-16T07:00,27.1,803,52.19375,0.715653675
2026-01-16T08:00,28,832,54,0.735488
2026-01-16T09:00,28.3,723,50.89375,0.648115275
2026-01-16T10:00,28.4,587,46.74375,0.535945675
2026-01-16T11:00,27.7,360,38.95,0.339912
2026-01-16T12:00,26.7,176,32.2,0.1709312
2026-01-16T13:00,25.2,27,26.04375,0.026887275
2026-01-16T14:00,24.3,0,24.3,0
2026-01-16T15:00,23.6,0,23.6,0
2026-01-16T16:00,22.7,0,22.7,0
2026-01-16T17:00,22,0,22,0
2026-01-16T18:00,21.9,0,21.9,0
2026-01-16T19:00,21.4,0,21.4,0
2026-01-16T20:00,20.9,0,20.9,0
2026-01-16T21:00,20.4,0,20.4,0
2026-01-16T22:00,20,0,20,0
2026-01-16T23:00,19.4,0,19.4,0
2026-01-17T00:00,18.5,0,18.5,0
2026-01-17T01:00,18.1,0,18.1,0
2026-01-17T02:00,18.4,48,19.9,0.0489792
2026-01-17T03:00,21.6,256,29.6,0.2512896
2026-01-17T04:00,23.1,473,37.88125,0.448628675
2026-01-17T05:00,24.4,640,44.4,0.590336
2026-01-17T06:00,25.6,813,51.00625,0.728427675
2026-01-17T07:00,26.4,896,54.4,0.7906304
2026-01-17T08:00,27.3,892,55.175,0.7843356
2026-01-17T09:00,27.5,803,52.59375,0.714368875
2026-01-17T10:00,27.4,628,47.025,0.5726732
2026-01-17T11:00,26.7,413,39.60625,0.388870475
2026-01-17T12:00,26.1,219,32.94375,0.212041275
2026-01-17T13:00,23.9,35,24.99375,0.035000875
2026-01-17T14:00,23.1,0,23.1,0
2026-01-17T15:00,23,0,23,0
2026-01-17T16:00,22.6,0,22.6,0
2026-01-17T17:00,22.2,0,22.2,0
2026-01-17T18:00,21.5,0,21.5,0
2026-01-17T19:00,20.5,0,20.5,0
2026-01-17T20:00,20.1,0,20.1,0
2026-01-17T21:00,19.6,0,19.6,0
2026-01-17T22:00,19.4,0,19.4,0
2026-01-17T23:00,19.3,0,19.3,0
2026-01-18T00:00,18.9,0,18.9,0
2026-01-18T01:00,18.5,0,18.5,0
2026-01-18T02:00,18.9,46,20.3375,0.0468579
2026-01-18T03:00,21.9,251,29.74375,0.246237275
2026-01-18T04:00,23.5,468,38.125,0.44343
2026-01-18T05:00,24.8,610,43.8625,0.5639755
2026-01-18T06:00,26.1,692,47.725,0.6290972
2026-01-18T07:00,27.5,843,53.84375,0.745738875
2026-01-18T08:00,28.6,875,55.94375,0.766696875
2026-01-18T09:00,28.7,760,52.45,0.676552
2026-01-18T10:00,28.4,574,46.3375,0.5250091
2026-01-18T11:00,27.5,412,40.375,0.386662
2026-01-18T12:00,26.2,191,32.16875,0.185523075
2026-01-18T13:00,25,24,25.75,0.023928
2026-01-18T14:00,23.8,0,23.8,0
2026-01-18T15:00,23,0,23,0
2026-01-18T16:00,22.6,0,22.6,0
2026-01-18T17:00,22.1,0,22.1,0
2026-01-18T18:00,21.6,0,21.6,0
2026-01-18T19:00,20.8,0,20.8,0
2026-01-18T20:00,19.9,0,19.9,0
2026-01-18T21:00,19.3,0,19.3,0
2026-01-18T22:00,19,0,19,0
2026-01-18T23:00,18.5,0,18.5,0
2026-01-19T00:00,18.4,0,18.4,0
2026-01-19T01:00,18.2,0,18.2,0
2026-01-19T02:00,19,45,20.40625,0.045826875
2026-01-19T03:00,22.7,247,30.41875,0.241646275
2026-01-19T04:00,24.2,462,38.6375,0.4367979
2026-01-19T05:00,25.4,572,43.275,0.5301868
2026-01-19T06:00,27.1,644,47.225,0.5867484
2026-01-19T07:00,28.1,685,49.50625,0.617852875
2026-01-19T08:00,28.6,696,50.35,0.6254256
2026-01-19T09:00,28.2,561,45.73125,0.514479075
2026-01-19T10:00,27.9,492,43.275,0.4560348
2026-01-19T11:00,27.2,325,37.35625,0.308936875
2026-01-19T12:00,26.6,182,32.2875,0.1766947
2026-01-19T13:00,25.3,28,26.175,0.0278684
2026-01-19T14:00,24.2,0,24.2,0
2026-01-19T15:00,23.4,0,23.4,0
2026-01-19T16:00,22.9,0,22.9,0
2026-01-19T17:00,22.7,0,22.7,0
2026-01-19T18:00,22.4,0,22.4,0
2026-01-19T19:00,21.6,0,21.6,0
2026-01-19T20:00,21,0,21,0
2026-01-19T21:00,20.4,0,20.4,0
2026-01-19T22:00,20.3,0,20.3,0
2026-01-19T23:00,19.8,0,19.8,0
2026-01-20T00:00,19,0,19,0
2026-01-20T01:00,18.4,0,18.4,0
2026-01-20T02:00,19.1,45,20.50625,0.045808875
2026-01-20T03:00,22.4,246,30.0875,0.2409939
2026-01-20T04:00,24.2,449,38.23125,0.425236675
2026-01-20T05:00,25.6,620,44.975,0.570462
2026-01-20T06:00,27.1,711,49.31875,0.641837475
2026-01-20T07:00,28.3,801,53.33125,0.710226675
2026-01-20T08:00,29.1,861,56.00625,0.754214475
2026-01-20T09:00,29.4,815,54.86875,0.717627875
2026-01-20T10:00,29.1,644,49.225,0.5815964
2026-01-20T11:00,28.6,427,41.94375,0.398060075
2026-01-20T12:00,27.5,226,34.5625,0.2173555
2026-01-20T13:00,25.2,37,26.35625,0.036799275
2026-01-20T14:00,23.9,0,23.9,0
2026-01-20T15:00,23.1,0,23.1,0
2026-01-20T16:00,22,0,22,0
2026-01-20T17:00,20.7,0,20.7,0
2026-01-20T18:00,20.2,0,20.2,0
2026-01-20T19:00,19.5,0,19.5,0
2026-01-20T20:00,18.9,0,18.9,0
2026-01-20T21:00,18.7,0,18.7,0
2026-01-20T22:00,18.3,0,18.3,0
2026-01-20T23:00,17.8,0,17.8,0
2026-01-21T00:00,17.9,0,17.9,0
2026-01-21T01:00,17.5,0,17.5,0
2026-01-21T02:00,17.8,46,19.2375,0.0470603
2026-01-21T03:00,21,257,29.03125,0.252855875
2026-01-21T04:00,22.6,491,37.94375,0.465578475
2026-01-21T05:00,24,683,45.34375,0.627420875
2026-01-21T06:00,25.5,846,51.9375,0.7548435
2026-01-21T07:00,26.6,931,55.69375,0.816696475
2026-01-21T08:00,27.5,926,56.4375,0.8095555
2026-01-21T09:00,28,842,54.3125,0.7432755
2026-01-21T10:00,28.1,662,48.7875,0.5990107
2026-01-21T11:00,27.5,433,41.03125,0.405233875
2026-01-21T12:00,26.7,217,33.48125,0.209638275
2026-01-21T13:00,24.9,37,26.05625,0.036843675
2026-01-21T14:00,23.4,0,23.4,0
2026-01-21T15:00,22.8,0,22.8,0
2026-01-21T16:00,22,0,22,0
2026-01-21T17:00,21.2,0,21.2,0
2026-01-21T18:00,21.2,0,21.2,0
2026-01-21T19:00,20.4,0,20.4,0
2026-01-21T20:00,19.5,0,19.5,0
2026-01-21T21:00,19,0,19,0
2026-01-21T22:00,18.6,0,18.6,0
2026-01-21T23:00,18.4,0,18.4,0
2026-01-22T00:00,17.9,0,17.9,0
2026-01-22T01:00,18.3,0,18.3,0
2026-01-22T02:00,19,47,20.46875,0.047851875
2026-01-22T03:00,21.5,260,29.625,0.25519
2026-01-22T04:00,23,486,38.1875,0.4603635
2026-01-22T05:00,24.1,688,45.6,0.6313088
2026-01-22T06:00,25.6,844,51.975,0.7529324
2026-01-22T07:00,26.7,936,55.95,0.8201232
2026-01-22T08:00,27.5,927,56.46875,0.810313875
2026-01-22T09:00,27.7,830,53.6375,0.7349235
2026-01-22T10:00,27.7,677,48.85625,0.612397275
2026-01-22T11:00,27.3,480,42.3,0.446784
2026-01-22T12:00,26.6,235,33.94375,0.226592875
2026-01-22T13:00,24.6,37,25.75625,0.036888075
2026-01-22T14:00,23.1,0,23.1,0
2026-01-22T15:00,22.2,0,22.2,0
2026-01-22T16:00,21.9,0,21.9,0
2026-01-22T17:00,21.8,0,21.8,0
2026-01-22T18:00,22.3,0,22.3,0
2026-01-22T19:00,20.9,0,20.9,0
2026-01-22T20:00,19.7,0,19.7,0
2026-01-22T21:00,19.4,0,19.4,0
2026-01-22T22:00,19,0,19,0
2026-01-22T23:00,18.3,0,18.3,0
2026-01-23T00:00,17.9,0,17.9,0
2026-01-23T01:00,17.7,0,17.7,0
2026-01-23T02:00,18.4,48,19.9,0.0489792
2026-01-23T03:00,22,261,30.15625,0.255616875
2026-01-23T04:00,23.8,502,39.4875,0.4729091
2026-01-23T05:00,25.4,710,47.5875,0.6458515
2026-01-23T06:00,26.7,861,53.60625,0.762480075
2026-01-23T07:00,27.9,943,57.36875,0.820905075
2026-01-23T08:00,28.7,944,58.2,0.8186368
2026-01-23T09:00,29,863,55.96875,0.756095875
2026-01-23T10:00,29,714,51.3125,0.6388515
2026-01-23T11:00,28.4,504,44.15,0.4653936
2026-01-23T12:00,27.4,262,35.5875,0.2509043
2026-01-23T13:00,24.9,45,26.30625,0.044764875
2026-01-23T14:00,23.8,0,23.8,0
2026-01-23T15:00,23.6,0,23.6,0
2026-01-23T16:00,23,0,23,0
2026-01-23T17:00,22.3,0,22.3,0
2026-01-23T18:00,20.7,0,20.7,0
2026-01-23T19:00,20.4,0,20.4,0
2026-01-23T20:00,20.6,0,20.6,0
2026-01-23T21:00,20.7,0,20.7,0
2026-01-23T22:00,20.7,0,20.7,0
2026-01-23T23:00,20.7,0,20.7,0
2026-01-24T00:00,19.1,0,19.1,0
2026-01-24T01:00,19,0,19,0
2026-01-24T02:00,19.8,39,21.01875,0.039621075
2026-01-24T03:00,23.5,232,30.75,0.226664
2026-01-24T04:00,25,451,39.09375,0.425574875
2026-01-24T05:00,26.5,616,45.75,0.564872
2026-01-24T06:00,27.8,697,49.58125,0.628467475
2026-01-24T07:00,28.8,722,51.3625,0.6458651
2026-01-24T08:00,29.1,582,47.2875,0.5301147
2026-01-24T09:00,29.4,667,50.24375,0.599649675
2026-01-24T10:00,29.2,543,46.16875,0.497021475
2026-01-24T11:00,28.2,391,40.41875,0.366885075
2026-01-24T12:00,26.5,169,31.78125,0.164415875
2026-01-24T13:00,25,32,26,0.031872
2026-01-24T14:00,24.1,0,24.1,0
2026-01-24T15:00,23.3,0,23.3,0
2026-01-24T16:00,22.7,0,22.7,0
2026-01-24T17:00,22.5,0,22.5,0
2026-01-24T18:00,23,0,23,0
2026-01-24T19:00,22.9,0,22.9,0
2026-01-24T20:00,22.7,0,22.7,0
2026-01-24T21:00,22.3,0,22.3,0
2026-01-24T22:00,22,0,22,0
2026-01-24T23:00,22,0,22,0
2026-01-25T00:00,22,0,22,0
2026-01-25T01:00,22,0,22,0
2026-01-25T02:00,22.2,17,22.73125,0.017154275
2026-01-25T03:00,22.8,97,25.83125,0.096677475
2026-01-25T04:00,24.2,234,31.5125,0.2279043
2026-01-25T05:00,24.9,298,34.2125,0.2870187
2026-01-25T06:00,25.8,409,38.58125,0.386781075
2026-01-25T07:00,26.8,590,45.2375,0.5422395
2026-01-25T08:00,27.4,622,46.8375,0.5676683
2026-01-25T09:00,27.3,540,44.175,0.498582
2026-01-25T10:00,27.1,452,41.225,0.4226652
2026-01-25T11:00,26.8,329,37.08125,0.313101075
2026-01-25T12:00,26.2,173,31.60625,0.168428475
2026-01-25T13:00,24.9,31,25.86875,0.030892275
2026-01-25T14:00,23.9,0,23.9,0
2026-01-25T15:00,23.3,0,23.3,0
2026-01-25T16:00,23,0,23,0
2026-01-25T17:00,22.8,0,22.8,0
2026-01-25T18:00,22.4,0,22.4,0
2026-01-25T19:00,22.3,0,22.3,0
2026-01-25T20:00,22.2,0,22.2,0
2026-01-25T21:00,21.8,0,21.8,0
2026-01-25T22:00,21.4,0,21.4,0
2026-01-25T23:00,21.1,0,21.1,0
2026-01-26T00:00,21,0,21,0
2026-01-26T01:00,20.8,0,20.8,0
2026-01-26T02:00,21.2,26,22.0125,0.0263107
2026-01-26T03:00,22.5,128,26.5,0.127232
2026-01-26T04:00,23.9,264,32.15,0.2564496
2026-01-26T05:00,25,366,36.4375,0.3492555
2026-01-26T06:00,26.3,531,42.89375,0.492993675
2026-01-26T07:00,27.1,603,45.94375,0.552483675
2026-01-26T08:00,27.8,653,48.20625,0.592385275
2026-01-26T09:00,27.9,610,46.9625,0.5564115
2026-01-26T10:00,27.9,502,43.5875,0.4646763
2026-01-26T11:00,27.4,368,38.9,0.3475392
2026-01-26T12:00,26.2,172,31.575,0.1674764
2026-01-26T13:00,24.9,31,25.86875,0.030892275
2026-01-26T14:00,23.7,0,23.7,0
2026-01-26T15:00,22.9,0,22.9,0
2026-01-26T16:00,22.4,0,22.4,0
2026-01-26T17:00,22.1,0,22.1,0
2026-01-26T18:00,22.1,0,22.1,0
2026-01-26T19:00,21.8,0,21.8,0
2026-01-26T20:00,21.7,0,21.7,0
2026-01-26T21:00,21.5,0,21.5,0
2026-01-26T22:00,21.1,0,21.1,0
2026-01-26T23:00,20.7,0,20.7,0
2026-01-27T00:00,20.9,0,20.9,0
2026-01-27T01:00,20.8,0,20.8,0
2026-01-27T02:00,21.3,39,22.51875,0.039387075
2026-01-27T03:00,22.9,215,29.61875,0.211027875
2026-01-27T04:00,24.5,450,38.5625,0.4255875
2026-01-27T05:00,26,668,46.875,0.60955
2026-01-27T06:00,27.7,831,53.66875,0.735705075
2026-01-27T07:00,28.3,832,54.3,0.7344896
2026-01-27T08:00,29,738,52.0625,0.6581115
2026-01-27T09:00,29,567,46.71875,0.517741875
2026-01-27T10:00,28.7,502,44.3875,0.4630699
2026-01-27T11:00,28.2,356,39.325,0.3356012
2026-01-27T12:00,27.5,196,33.625,0.189238
2026-01-27T13:00,25.8,34,26.8625,0.0337467
2026-01-27T14:00,24.8,0,24.8,0
2026-01-27T15:00,23.9,0,23.9,0
2026-01-27T16:00,23.3,0,23.3,0
2026-01-27T17:00,22.5,0,22.5,0
2026-01-27T18:00,22,0,22,0
2026-01-27T19:00,21.4,0,21.4,0
2026-01-27T20:00,20.9,0,20.9,0
2026-01-27T21:00,20.6,0,20.6,0
2026-01-27T22:00,20.1,0,20.1,0
2026-01-27T23:00,19.6,0,19.6,0
2026-01-28T00:00,19.4,0,19.4,0
2026-01-28T01:00,19.3,0,19.3,0
2026-01-28T02:00,19.6,47,21.06875,0.047739075
2026-01-28T03:00,22.5,256,30.5,0.250368
2026-01-28T04:00,24.2,496,39.7,0.4668352
2026-01-28T05:00,25.5,699,47.34375,0.636526875
2026-01-28T06:00,27.2,843,53.54375,0.746750475
2026-01-28T07:00,28.2,933,57.35625,0.812246475
2026-01-28T08:00,28.8,934,57.9875,0.8107587
2026-01-28T09:00,29,849,55.53125,0.745315875
2026-01-28T10:00,28.9,684,50.275,0.6148476
2026-01-28T11:00,28.2,434,41.7625,0.4049003
2026-01-28T12:00,27.4,234,34.7125,0.2249091
2026-01-28T13:00,25.6,43,26.94375,0.042665675
2026-01-28T14:00,24.5,0,24.5,0
2026-01-28T15:00,23.6,0,23.6,0
2026-01-28T16:00,23,0,23,0
2026-01-28T17:00,22.4,0,22.4,0
2026-01-28T18:00,22.1,0,22.1,0
2026-01-28T19:00,21.1,0,21.1,0
2026-01-28T20:00,20.4,0,20.4,0
2026-01-28T21:00,19.8,0,19.8,0
2026-01-28T22:00,19.4,0,19.4,0
2026-01-28T23:00,19.1,0,19.1,0
2026-01-29T00:00,18.9,0,18.9,0
2026-01-29T01:00,18.7,0,18.7,0
2026-01-29T02:00,19.2,42,20.5125,0.0427539
2026-01-29T03:00,22,237,29.40625,0.232822875
2026-01-29T04:00,23.4,447,37.36875,0.424884675
2026-01-29T05:00,24.9,669,45.80625,0.613322475
2026-01-29T06:00,26.8,840,53.05,0.745752
2026-01-29T07:00,27.9,945,57.43125,0.822409875
2026-01-29T08:00,28.8,952,58.55,0.8242416
2026-01-29T09:00,29.1,876,56.475,0.7657116
2026-01-29T10:00,29.1,724,51.725,0.6466044
2026-01-29T11:00,28.6,512,44.6,0.4718592
2026-01-29T12:00,27.7,269,36.10625,0.257049675
2026-01-29T13:00,25.4,51,26.99375,0.050593275
2026-01-29T14:00,23.7,0,23.7,0
2026-01-29T15:00,23.1,0,23.1,0
2026-01-29T16:00,22.7,0,22.7,0
2026-01-29T17:00,22.1,0,22.1,0
2026-01-29T18:00,21.7,0,21.7,0
2026-01-29T19:00,21.2,0,21.2,0
2026-01-29T20:00,20,0,20,0
2026-01-29T21:00,19.2,0,19.2,0
2026-01-29T22:00,18.4,0,18.4,0
2026-01-29T23:00,17.8,0,17.8,0
2026-01-30T00:00,17.8,0,17.8,0
2026-01-30T01:00,17.8,0,17.8,0
2026-01-30T02:00,18.7,46,20.1375,0.0468947
2026-01-30T03:00,22.2,259,30.29375,0.253515675
2026-01-30T04:00,24,494,39.4375,0.4654715
2026-01-30T05:00,25.7,688,47.2,0.6269056
2026-01-30T06:00,27.2,849,53.73125,0.751428675
2026-01-30T07:00,28.4,946,57.9625,0.8212699
2026-01-30T08:00,29.1,954,58.9125,0.8245899
2026-01-30T09:00,29.4,872,56.65,0.7616048
2026-01-30T10:00,29.4,717,51.80625,0.640119675
2026-01-30T11:00,29,513,45.03125,0.471895875
2026-01-30T12:00,28,274,36.5625,0.2613275
2026-01-30T13:00,25.8,53,27.45625,0.052479275
2026-01-30T14:00,23.8,0,23.8,0
2026-01-30T15:00,22.7,0,22.7,0
2026-01-30T16:00,21.9,0,21.9,0
2026-01-30T17:00,21.2,0,21.2,0
2026-01-30T18:00,20.6,0,20.6,0
2026-01-30T19:00,19.8,0,19.8,0
2026-01-30T20:00,19.1,0,19.1,0
2026-01-30T21:00,18.7,0,18.7,0
2026-01-30T22:00,18.7,0,18.7,0
2026-01-30T23:00,18.5,0,18.5,0
2026-01-31T00:00,18.3,0,18.3,0
2026-01-31T01:00,18.1,0,18.1,0
2026-01-31T02:00,19.1,46,20.5375,0.0468211
2026-01-31T03:00,21.9,256,29.9,0.2509824
2026-01-31T04:00,23.6,496,39.1,0.4680256
2026-01-31T05:00,25.3,693,46.95625,0.632137275
2026-01-31T06:00,27.1,844,53.475,0.7478684
2026-01-31T07:00,28.1,930,57.1625,0.8103555
2026-01-31T08:00,28.9,938,58.2125,0.8133867
2026-01-31T09:00,29.3,865,56.33125,0.756593875
2026-01-31T10:00,29.2,719,51.66875,0.642300675
2026-01-31T11:00,28.6,512,44.6,0.4718592
2026-01-31T12:00,27.6,271,36.06875,0.259001475
2026-01-31T13:00,25.2,53,26.85625,0.052606475
2026-01-31T14:00,23.4,0,23.4,0
2026-01-31T15:00,22.9,0,22.9,0
2026-01-31T16:00,22.7,0,22.7,0
2026-01-31T17:00,22.6,0,22.6,0
2026-01-31T18:00,23.1,0,23.1,0
2026-01-31T19:00,22.9,0,22.9,0
2026-01-31T20:00,22,0,22,0
2026-01-31T21:00,21.3,0,21.3,0
2026-01-31T22:00,21.6,0,21.6,0
2026-01-31T23:00,21.6,0,21.6,0
2026-02-01T00:00,21.6,0,21.6,0
2026-02-01T01:00,21.2,0,21.2,0
2026-02-01T02:00,21.6,31,22.56875,0.031301475
2026-02-01T03:00,23.1,156,27.975,0.1541436
2026-02-01T04:00,24.1,266,32.4125,0.2581131
2026-02-01T05:00,24.9,388,37.025,0.3693372
2026-02-01T06:00,26.2,576,44.2,0.5317632
2026-02-01T07:00,27.3,679,48.51875,0.615123075
2026-02-01T08:00,28.3,796,53.175,0.7062908
2026-02-01T09:00,28.1,551,45.31875,0.506217475
2026-02-01T10:00,28.2,463,42.66875,0.430277475
2026-02-01T11:00,27.8,378,39.6125,0.3559059
2026-02-01T12:00,27.2,206,33.6375,0.1988827
2026-02-01T13:00,25.7,43,27.04375,0.042648475
2026-02-01T14:00,24.9,0,24.9,0
2026-02-01T15:00,24.4,0,24.4,0
2026-02-01T16:00,23.7,0,23.7,0
2026-02-01T17:00,22.9,0,22.9,0
2026-02-01T18:00,22.6,0,22.6,0
2026-02-01T19:00,22.3,0,22.3,0
2026-02-01T20:00,22,0,22,0
2026-02-01T21:00,21.7,0,21.7,0
2026-02-01T22:00,21.5,0,21.5,0
2026-02-01T23:00,21.4,0,21.4,0
2026-02-02T00:00,21.4,0,21.4,0
2026-02-02T01:00,21.3,0,21.3,0
2026-02-02T02:00,21.6,37,22.75625,0.037332075
2026-02-02T03:00,23.2,215,29.91875,0.210769875
2026-02-02T04:00,24.6,408,37.35,0.3878448
2026-02-02T05:00,26.1,597,44.75625,0.549822075
2026-02-02T06:00,27.8,789,52.45625,0.702348075
2026-02-02T07:00,28.9,918,57.5875,0.7983387
2026-02-02T08:00,29.8,925,58.70625,0.800286875
2026-02-02T09:00,30,848,56.5,0.741152
2026-02-02T10:00,29.8,697,51.58125,0.622891475
2026-02-02T11:00,29.1,491,44.44375,0.452812475
2026-02-02T12:00,28.2,251,36.04375,0.239912075
2026-02-02T13:00,26.5,44,27.875,0.043494
2026-02-02T14:00,25.6,0,25.6,0
2026-02-02T15:00,24.8,0,24.8,0
2026-02-02T16:00,24.2,0,24.2,0
2026-02-02T17:00,23.6,0,23.6,0
2026-02-02T18:00,23.3,0,23.3,0
2026-02-02T19:00,22.7,0,22.7,0
2026-02-02T20:00,22.1,0,22.1,0
2026-02-02T21:00,21.6,0,21.6,0
2026-02-02T22:00,21,0,21,0
2026-02-02T23:00,20.7,0,20.7,0
2026-02-03T00:00,20.4,0,20.4,0
2026-02-03T01:00,20,0,20,0
2026-02-03T02:00,20.5,40,21.75,0.04052
2026-02-03T03:00,22.3,218,29.1125,0.2144139
2026-02-03T04:00,23.9,417,36.93125,0.397098675
2026-02-03T05:00,25.5,613,44.65625,0.564802875
2026-02-03T06:00,27.1,796,51.975,0.7101116
2026-02-03T07:00,28.2,912,56.7,0.7963584
2026-02-03T08:00,28.9,908,57.275,0.7907772
2026-02-03T09:00,29.3,835,55.39375,0.733484875
2026-02-03T10:00,29.1,691,50.69375,0.619982475
2026-02-03T11:00,28.5,484,43.625,0.447942
2026-02-03T12:00,27.5,249,35.28125,0.238759875
2026-02-03T13:00,26,45,27.40625,0.044566875
2026-02-03T14:00,25.2,0,25.2,0
2026-02-03T15:00,24.5,0,24.5,0
2026-02-03T16:00,23.6,0,23.6,0
2026-02-03T17:00,22.6,0,22.6,0
2026-02-03T18:00,22.1,0,22.1,0
2026-02-03T19:00,21.2,0,21.2,0
2026-02-03T20:00,20.5,0,20.5,0
2026-02-03T21:00,20.2,0,20.2,0
2026-02-03T22:00,20.1,0,20.1,0
2026-02-03T23:00,19.8,0,19.8,0
2026-02-04T00:00,19.7,0,19.7,0
2026-02-04T01:00,19.2,0,19.2,0
2026-02-04T02:00,19.7,47,21.16875,0.047720275
2026-02-04T03:00,22,263,30.21875,0.257509875
2026-02-04T04:00,23.8,510,39.7375,0.4799355
2026-02-04T05:00,25.6,723,48.19375,0.655923675
2026-02-04T06:00,27.1,881,54.63125,0.776579475
2026-02-04T07:00,28.1,960,58.1,0.832896
2026-02-04T08:00,28.4,904,56.65,0.7895536
2026-02-04T09:00,29,847,55.46875,0.743771875
2026-02-04T10:00,29,713,51.28125,0.638045875
2026-02-04T11:00,28.5,514,44.5625,0.4737795
2026-02-04T12:00,27.6,269,36.00625,0.257157275
2026-02-04T13:00,25.6,55,27.31875,0.054489875
2026-02-04T14:00,23.8,0,23.8,0
2026-02-04T15:00,23,0,23,0
2026-02-04T16:00,22.3,0,22.3,0
2026-02-04T17:00,22.4,0,22.4,0
2026-02-04T18:00,22.2,0,22.2,0
2026-02-04T19:00,21.6,0,21.6,0
2026-02-04T20:00,21.2,0,21.2,0
2026-02-04T21:00,21.1,0,21.1,0
2026-02-04T22:00,20.9,0,20.9,0
2026-02-04T23:00,20.6,0,20.6,0
2026-02-05T00:00,20.3,0,20.3,0
2026-02-05T01:00,20.2,0,20.2,0
2026-02-05T02:00,21,38,22.1875,0.0384275
2026-02-05T03:00,23,192,29,0.188928
2026-02-05T04:00,24.1,332,34.475,0.3194172
2026-02-05T05:00,25.4,380,37.275,0.361342
2026-02-05T06:00,26.2,457,40.48125,0.428700275
2026-02-05T07:00,26.6,537,43.38125,0.497517075
2026-02-05T08:00,27.1,607,46.06875,0.555845075
2026-02-05T09:00,27.9,588,46.275,0.5379612
2026-02-05T10:00,27.6,547,44.69375,0.503910075
2026-02-05T11:00,26.9,371,38.49375,0.350975275
2026-02-05T12:00,26,194,32.0625,0.1885195
2026-02-05T13:00,24.6,39,25.81875,0.038872275
2026-02-05T14:00,23.6,0,23.6,0
2026-02-05T15:00,23,0,23,0
2026-02-05T16:00,22.4,0,22.4,0
2026-02-05T17:00,22,0,22,0
2026-02-05T18:00,22.2,0,22.2,0
2026-02-05T19:00,22,0,22,0
2026-02-05T20:00,21.7,0,21.7,0
2026-02-05T21:00,21.4,0,21.4,0
2026-02-05T22:00,21.1,0,21.1,0
2026-02-05T23:00,20.9,0,20.9,0
2026-02-06T00:00,20.7,0,20.7,0
2026-02-06T01:00,20.4,0,20.4,0
2026-02-06T02:00,20.7,42,22.0125,0.0425019
2026-02-06T03:00,22.6,246,30.2875,0.2407971
2026-02-06T04:00,24.2,479,39.16875,0.451852675
2026-02-06T05:00,25.8,687,47.26875,0.625805475
2026-02-06T06:00,27.3,842,53.6125,0.7456331
2026-02-06T07:00,28.3,931,57.39375,0.810365675
2026-02-06T08:00,29,932,58.125,0.80851
2026-02-06T09:00,29.2,848,55.7,0.7438656
2026-02-06T10:00,29,685,50.40625,0.615386875
2026-02-06T11:00,28.5,431,41.96875,0.401745875
2026-02-06T12:00,28.3,212,34.925,0.2035836
2026-02-06T13:00,26.6,42,27.9125,0.0415107
2026-02-06T14:00,25.8,0,25.8,0
2026-02-06T15:00,24.9,0,24.9,0
2026-02-06T16:00,23.9,0,23.9,0
2026-02-06T17:00,23.4,0,23.4,0
2026-02-06T18:00,23.1,0,23.1,0
2026-02-06T19:00,22.2,0,22.2,0
2026-02-06T20:00,21.5,0,21.5,0
2026-02-06T21:00,21,0,21,0
2026-02-06T22:00,20.5,0,20.5,0
2026-02-06T23:00,20.1,0,20.1,0
2026-02-07T00:00,19.8,0,19.8,0
2026-02-07T01:00,19.4,0,19.4,0
2026-02-07T02:00,19.7,47,21.16875,0.047720275
2026-02-07T03:00,22.5,255,30.46875,0.249421875
2026-02-07T04:00,24.1,482,39.1625,0.4546947
2026-02-07T05:00,25.5,677,46.65625,0.618354875
2026-02-07T06:00,27.3,828,53.175,0.7346844
2026-02-07T07:00,28.3,939,57.64375,0.816390075
2026-02-07T08:00,29.2,950,58.8875,0.8212275
2026-02-07T09:00,29.7,873,56.98125,0.761321475
2026-02-07T10:00,29.7,728,52.45,0.6480656
2026-02-07T11:00,29.1,514,45.1625,0.4725459
2026-02-07T12:00,27.8,240,35.3,0.230112
2026-02-07T13:00,26.3,37,27.45625,0.036636475
2026-02-07T14:00,25.3,0,25.3,0
2026-02-07T15:00,24.1,0,24.1,0
2026-02-07T16:00,23.2,0,23.2,0
2026-02-07T17:00,23,0,23,0
2026-02-07T18:00,22.8,0,22.8,0
2026-02-07T19:00,22.2,0,22.2,0
2026-02-07T20:00,21.5,0,21.5,0
2026-02-07T21:00,20.5,0,20.5,0
2026-02-07T22:00,19.8,0,19.8,0
2026-02-07T23:00,19.6,0,19.6,0
2026-02-08T00:00,18.9,0,18.9,0
2026-02-08T01:00,18.7,0,18.7,0
2026-02-08T02:00,19.4,51,20.99375,0.051817275
2026-02-08T03:00,23.3,274,31.8625,0.2664787
2026-02-08T04:00,25.6,522,41.9125,0.4866867
2026-02-08T05:00,26.8,737,49.83125,0.663797475
2026-02-08T06:00,28.2,892,56.075,0.7811244
2026-02-08T07:00,29.2,976,59.7,0.8405312
2026-02-08T08:00,29.8,978,60.3625,0.8396619
2026-02-08T09:00,30.1,895,58.06875,0.776613875
2026-02-08T10:00,30.1,741,53.25625,0.657248475
2026-02-08T11:00,29.6,532,46.225,0.4868332
2026-02-08T12:00,28.7,281,37.48125,0.266971075
2026-02-08T13:00,26.3,59,28.14375,0.058258075
2026-02-08T14:00,24.4,0,24.4,0
2026-02-08T15:00,23,0,23,0
2026-02-08T16:00,22.5,0,22.5,0
2026-02-08T17:00,21.3,0,21.3,0
2026-02-08T18:00,20.6,0,20.6,0
2026-02-08T19:00,20.7,0,20.7,0
2026-02-08T20:00,20.6,0,20.6,0
2026-02-08T21:00,19.8,0,19.8,0
2026-02-08T22:00,19.2,0,19.2,0
2026-02-08T23:00,18.7,0,18.7,0
2026-02-09T00:00,18.2,0,18.2,0
2026-02-09T01:00,18,0,18,0
2026-02-09T02:00,19,48,20.5,0.048864
2026-02-09T03:00,23,262,31.1875,0.2555155
2026-02-09T04:00,24.6,510,40.5375,0.4783035
2026-02-09T05:00,26,718,48.4375,0.6506875
2026-02-09T06:00,27.2,871,54.41875,0.768505075
2026-02-09T07:00,28.2,945,57.73125,0.821275875
2026-02-09T08:00,29,950,58.6875,0.8219875
2026-02-09T09:00,29.4,860,56.275,0.752414
2026-02-09T10:00,29.5,680,50.75,0.60996
2026-02-09T11:00,28.9,398,41.3375,0.3719907
2026-02-09T12:00,28.2,203,34.54375,0.195250475
2026-02-09T13:00,26.5,45,27.90625,0.044476875
2026-02-09T14:00,25.4,0,25.4,0
2026-02-09T15:00,24.4,0,24.4,0
2026-02-09T16:00,23.4,0,23.4,0
2026-02-09T17:00,22.8,0,22.8,0
2026-02-09T18:00,22.7,0,22.7,0
2026-02-09T19:00,22.1,0,22.1,0
2026-02-09T20:00,21.4,0,21.4,0
2026-02-09T21:00,20.6,0,20.6,0
2026-02-09T22:00,20,0,20,0
2026-02-09T23:00,19.8,0,19.8,0
2026-02-10T00:00,18.9,0,18.9,0
2026-02-10T01:00,18.6,0,18.6,0
2026-02-10T02:00,19.3,40,20.55,0.040712
2026-02-10T03:00,22.2,213,28.85625,0.209714475
2026-02-10T04:00,23.9,451,37.99375,0.427559275
2026-02-10T05:00,25.3,690,46.8625,0.6296595
2026-02-10T06:00,27,815,52.46875,0.725451875
2026-02-10T07:00,28,940,57.375,0.81827
2026-02-10T08:00,28.7,945,58.23125,0.819385875
2026-02-10T09:00,28.6,744,51.85,0.6640944
2026-02-10T10:00,28.2,526,44.6375,0.4846827
2026-02-10T11:00,27.2,241,34.73125,0.231619075
2026-02-10T12:00,26.7,132,30.825,0.1289244
2026-02-10T13:00,25.5,21,26.15625,0.020902875
2026-02-10T14:00,24.5,0,24.5,0
2026-02-10T15:00,23.6,0,23.6,0
2026-02-10T16:00,22.8,0,22.8,0
2026-02-10T17:00,22.3,0,22.3,0
2026-02-10T18:00,22.1,0,22.1,0
2026-02-10T19:00,21.2,0,21.2,0
2026-02-10T20:00,20.6,0,20.6,0
2026-02-10T21:00,20,0,20,0
2026-02-10T22:00,19.8,0,19.8,0
2026-02-10T23:00,19.7,0,19.7,0
2026-02-11T00:00,19,0,19,0
2026-02-11T01:00,18.4,0,18.4,0
2026-02-11T02:00,18.6,37,19.75625,0.037776075
2026-02-11T03:00,21.4,218,28.2125,0.2151987
2026-02-11T04:00,22.8,395,35.14375,0.378972875
2026-02-11T05:00,24.3,630,43.9875,0.5821515
2026-02-11T06:00,26.4,858,53.2125,0.7611747
2026-02-11T07:00,27.5,956,57.375,0.832198
2026-02-11T08:00,28.2,948,57.825,0.8235276
2026-02-11T09:00,28.8,874,56.1125,0.7652307
2026-02-11T10:00,29,739,52.09375,0.658910875
2026-02-11T11:00,28.3,509,44.20625,0.469896075
2026-02-11T12:00,27.1,286,36.0375,0.2733731
2026-02-11T13:00,24.9,62,26.8375,0.0615443
2026-02-11T14:00,23.3,0,23.3,0
2026-02-11T15:00,22.5,0,22.5,0
2026-02-11T16:00,22.3,0,22.3,0
2026-02-11T17:00,21.4,0,21.4,0
2026-02-11T18:00,20.9,0,20.9,0
2026-02-11T19:00,20.8,0,20.8,0
2026-02-11T20:00,20.1,0,20.1,0
2026-02-11T21:00,19.7,0,19.7,0
2026-02-11T22:00,19.5,0,19.5,0
2026-02-11T23:00,19.1,0,19.1,0
2026-02-12T00:00,18.8,0,18.8,0
2026-02-12T01:00,18.5,0,18.5,0
2026-02-12T02:00,19.1,52,20.725,0.0528892
2026-02-12T03:00,21.8,277,30.45625,0.270954475
2026-02-12T04:00,23.6,529,40.13125,0.496982275
2026-02-12T05:00,25.2,742,48.3875,0.6725859
2026-02-12T06:00,27.3,895,55.26875,0.786637875
2026-02-12T07:00,28.2,976,58.7,0.8444352
2026-02-12T08:00,28.9,962,58.9625,0.8313123
2026-02-12T09:00,29.3,885,56.95625,0.771874875
2026-02-12T10:00,29.4,743,52.61875,0.660917075
2026-02-12T11:00,29.1,541,46.00625,0.495542475
2026-02-12T12:00,28.1,294,37.2875,0.2795499
2026-02-12T13:00,26,65,28.03125,0.064211875
2026-02-12T14:00,24.1,0,24.1,0
2026-02-12T15:00,23.5,0,23.5,0
2026-02-12T16:00,23.2,0,23.2,0
2026-02-12T17:00,22.9,0,22.9,0
2026-02-12T18:00,22.3,0,22.3,0
2026-02-12T19:00,22,0,22,0
2026-02-12T20:00,21.9,0,21.9,0
2026-02-12T21:00,21.6,0,21.6,0
2026-02-12T22:00,21.4,0,21.4,0
2026-02-12T23:00,21.2,0,21.2,0
2026-02-13T00:00,20.9,0,20.9,0
2026-02-13T01:00,21,0,21,0
2026-02-13T02:00,21.7,42,23.0125,0.0423339
2026-02-13T03:00,23.9,241,31.43125,0.234800275
2026-02-13T04:00,25.2,419,38.29375,0.396719675
2026-02-13T05:00,26.5,632,46.25,0.57828
2026-02-13T06:00,27.7,797,52.60625,0.708991275
2026-02-13T07:00,29.1,909,57.50625,0.790807275
2026-02-13T08:00,29.7,862,56.6375,0.7529139
2026-02-13T09:00,30.2,776,54.45,0.6845872
2026-02-13T10:00,30.3,630,49.9875,0.5670315
2026-02-13T11:00,29.8,508,45.675,0.4659884
2026-02-13T12:00,29.1,279,37.81875,0.264694275
2026-02-13T13:00,27.1,57,28.88125,0.056115075
2026-02-13T14:00,25.3,0,25.3,0
2026-02-13T15:00,24.6,0,24.6,0
2026-02-13T16:00,23.8,0,23.8,0
2026-02-13T17:00,23.5,0,23.5,0
2026-02-13T18:00,23.4,0,23.4,0
2026-02-13T19:00,23.1,0,23.1,0
2026-02-13T20:00,22.5,0,22.5,0
2026-02-13T21:00,22.1,0,22.1,0
2026-02-13T22:00,21.5,0,21.5,0
2026-02-13T23:00,20.9,0,20.9,0
2026-02-14T00:00,20.6,0,20.6,0
2026-02-14T01:00,20.1,0,20.1,0
2026-02-14T02:00,20.7,46,22.1375,0.0465267
2026-02-14T03:00,22.7,244,30.325,0.2388028
2026-02-14T04:00,24.4,483,39.49375,0.454998075
2026-02-14T05:00,26.1,690,47.6625,0.6274515
2026-02-14T06:00,27.5,852,54.125,0.752742
2026-02-14T07:00,28.8,952,58.55,0.8242416
2026-02-14T08:00,29.7,957,59.60625,0.824527275
2026-02-14T09:00,30.1,877,57.50625,0.762968075
2026-02-14T10:00,30.2,726,52.8875,0.6450147
2026-02-14T11:00,29.5,510,45.4375,0.4683075
2026-02-14T12:00,28.8,269,37.20625,0.255866075
2026-02-14T13:00,26.8,61,28.70625,0.060095675
2026-02-14T14:00,25,0,25,0
2026-02-14T15:00,24.4,0,24.4,0
2026-02-14T16:00,24,0,24,0
2026-02-14T17:00,23,0,23,0
2026-02-14T18:00,22.6,0,22.6,0
2026-02-14T19:00,22.1,0,22.1,0
2026-02-14T20:00,21.8,0,21.8,0
2026-02-14T21:00,21.5,0,21.5,0
2026-02-14T22:00,20.8,0,20.8,0
2026-02-14T23:00,19.9,0,19.9,0
2026-02-15T00:00,19.7,0,19.7,0
2026-02-15T01:00,19.5,0,19.5,0
2026-02-15T02:00,20.6,53,22.25625,0.053581675
2026-02-15T03:00,24.3,277,32.95625,0.268184475
2026-02-15T04:00,26.3,524,42.675,0.4869532
2026-02-15T05:00,27.6,730,50.4125,0.6557955
2026-02-15T06:00,29.1,872,56.35,0.7626512
2026-02-15T07:00,30.2,959,60.16875,0.824092675
2026-02-15T08:00,30.9,970,61.2125,0.8294955
2026-02-15T09:00,31.1,897,59.13125,0.774537075
2026-02-15T10:00,30.8,749,54.20625,0.661498075
2026-02-15T11:00,30.3,540,47.175,0.492102
2026-02-15T12:00,29.1,293,38.25625,0.277463675
2026-02-15T13:00,27.1,64,29.1,0.0629504
2026-02-15T14:00,25.5,0,25.5,0
2026-02-15T15:00,24.3,0,24.3,0
2026-02-15T16:00,23.3,0,23.3,0
2026-02-15T17:00,22.5,0,22.5,0
2026-02-15T18:00,22.4,0,22.4,0
2026-02-15T19:00,22.1,0,22.1,0
2026-02-15T20:00,21.7,0,21.7,0
2026-02-15T21:00,21.2,0,21.2,0
2026-02-15T22:00,20.6,0,20.6,0
2026-02-15T23:00,20.3,0,20.3,0
2026-02-16T00:00,20.3,0,20.3,0
2026-02-16T01:00,20.8,0,20.8,0
2026-02-16T02:00,21.5,46,22.9375,0.0463795
2026-02-16T03:00,24,227,31.09375,0.221466875
2026-02-16T04:00,25.5,443,39.34375,0.417582875
2026-02-16T05:00,27.1,688,48.6,0.6230528
2026-02-16T06:00,28.6,884,56.225,0.7735884
2026-02-16T07:00,29.5,970,59.8125,0.8349275
2026-02-16T08:00,30.1,952,59.85,0.8192912
2026-02-16T09:00,30.5,875,57.84375,0.760046875
2026-02-16T10:00,30.5,723,53.09375,0.641752875
2026-02-16T11:00,29.9,514,45.9625,0.4709011
2026-02-16T12:00,29.2,283,38.04375,0.268234475
2026-02-16T13:00,27.2,64,29.2,0.0629248
2026-02-16T14:00,25.5,0,25.5,0
2026-02-16T15:00,24.3,0,24.3,0
2026-02-16T16:00,23.5,0,23.5,0
2026-02-16T17:00,22.4,0,22.4,0
2026-02-16T18:00,22.2,0,22.2,0
2026-02-16T19:00,21.8,0,21.8,0
2026-02-16T20:00,20.8,0,20.8,0
2026-02-16T21:00,20,0,20,0
2026-02-16T22:00,19.6,0,19.6,0
2026-02-16T23:00,19.5,0,19.5,0
2026-02-17T00:00,19.3,0,19.3,0
2026-02-17T01:00,19,0,19,0
2026-02-17T02:00,19,55,20.71875,0.055941875
2026-02-17T03:00,22.2,282,31.0125,0.2752179
2026-02-17T04:00,24.1,532,40.725,0.4985372
2026-02-17T05:00,25.7,743,48.91875,0.671913475
2026-02-17T06:00,28,883,55.59375,0.774942875
2026-02-17T07:00,29.1,964,59.225,0.8320284
2026-02-17T08:00,29.8,982,60.4875,0.8426051
2026-02-17T09:00,30,893,57.90625,0.775458875
2026-02-17T10:00,29.8,727,52.51875,0.646975475
2026-02-17T11:00,29.3,504,45.05,0.4635792
2026-02-17T12:00,28.3,182,33.9875,0.1754571
2026-02-17T13:00,26.8,30,27.7375,0.0296715
2026-02-17T14:00,25.5,0,25.5,0
2026-02-17T15:00,24.3,0,24.3,0
2026-02-17T16:00,23.4,0,23.4,0
2026-02-17T17:00,22.7,0,22.7,0
2026-02-17T18:00,22.7,0,22.7,0
2026-02-17T19:00,22.1,0,22.1,0
2026-02-17T20:00,21.7,0,21.7,0
2026-02-17T21:00,21.4,0,21.4,0
2026-02-17T22:00,21.1,0,21.1,0
2026-02-17T23:00,21,0,21,0
2026-02-18T00:00,21.4,0,21.4,0
2026-02-18T01:00,21.3,0,21.3,0
2026-02-18T02:00,21.4,17,21.93125,0.017208675
2026-02-18T03:00,22.6,107,25.94375,0.106596075
2026-02-18T04:00,23.5,230,30.6875,0.2247675
2026-02-18T05:00,25.1,484,40.225,0.4545244
2026-02-18T06:00,26.5,660,47.125,0.60159
2026-02-18T07:00,27.1,671,48.06875,0.609083475
2026-02-18T08:00,27.8,678,48.9875,0.6129459
2026-02-18T09:00,28.5,644,48.625,0.583142
2026-02-18T10:00,28.4,492,43.775,0.4550508
2026-02-18T11:00,28,363,39.34375,0.342172875
2026-02-18T12:00,27.2,171,32.54375,0.165840075
2026-02-18T13:00,26,50,27.5625,0.0494875
2026-02-18T14:00,24.7,0,24.7,0
2026-02-18T15:00,24,0,24,0
2026-02-18T16:00,23.8,0,23.8,0
2026-02-18T17:00,23.3,0,23.3,0
2026-02-18T18:00,23,0,23,0
2026-02-18T19:00,22.4,0,22.4,0
2026-02-18T20:00,22.1,0,22.1,0
2026-02-18T21:00,21.8,0,21.8,0
2026-02-18T22:00,21.6,0,21.6,0
2026-02-18T23:00,21.5,0,21.5,0
2026-02-19T00:00,21.3,0,21.3,0
2026-02-19T01:00,21.1,0,21.1,0
2026-02-19T02:00,21.7,47,23.16875,0.047344275
2026-02-19T03:00,23.8,243,31.39375,0.236785275
2026-02-19T04:00,25.3,447,39.26875,0.421487475
2026-02-19T05:00,26.4,601,45.18125,0.552484275
2026-02-19T06:00,28.5,690,50.0625,0.6208275
2026-02-19T07:00,29.6,840,55.85,0.736344
2026-02-19T08:00,30.7,845,57.10625,0.736480875
2026-02-19T09:00,31.2,809,56.48125,0.707126675
2026-02-19T10:00,31.3,695,53.01875,0.617107875
2026-02-19T11:00,30.8,520,47.05,0.474136
2026-02-19T12:00,29.8,287,38.76875,0.271193475
2026-02-19T13:00,27.7,66,29.7625,0.0647427
2026-02-19T14:00,26,0,26,0
2026-02-19T15:00,25.1,0,25.1,0
2026-02-19T16:00,24.4,0,24.4,0
2026-02-19T17:00,23.8,0,23.8,0
2026-02-19T18:00,23.7,0,23.7,0
2026-02-19T19:00,22.9,0,22.9,0
2026-02-19T20:00,22.5,0,22.5,0
2026-02-19T21:00,22,0,22,0
2026-02-19T22:00,21.6,0,21.6,0
2026-02-19T23:00,21.3,0,21.3,0
2026-02-20T00:00,21.5,0,21.5,0
2026-02-20T01:00,21.6,0,21.6,0
2026-02-20T02:00,22.4,52,24.025,0.0522028
2026-02-20T03:00,24.3,258,32.3625,0.2504019
2026-02-20T04:00,26.2,490,41.5125,0.4576355
2026-02-20T05:00,27.5,636,47.375,0.579078
2026-02-20T06:00,28.6,681,49.88125,0.613223475
2026-02-20T07:00,29.4,648,49.65,0.5841072
2026-02-20T08:00,30.4,704,52.4,0.6268416
2026-02-20T09:00,30.5,642,50.5625,0.5763555
2026-02-20T10:00,30,524,46.375,0.479198
2026-02-20T11:00,29.6,423,42.81875,0.392850675
2026-02-20T12:00,27.8,211,34.39375,0.203071675
2026-02-20T13:00,26.2,41,27.48125,0.040593075
2026-02-20T14:00,25.2,0,25.2,0
2026-02-20T15:00,24.4,0,24.4,0
2026-02-20T16:00,23.9,0,23.9,0
2026-02-20T17:00,23.4,0,23.4,0
2026-02-20T18:00,23.5,0,23.5,0
2026-02-20T19:00,23.2,0,23.2,0
2026-02-20T20:00,22.9,0,22.9,0
2026-02-20T21:00,22.7,0,22.7,0
2026-02-20T22:00,22.5,0,22.5,0
2026-02-20T23:00,22.4,0,22.4,0
2026-02-21T00:00,22.5,0,22.5,0
2026-02-21T01:00,21.9,0,21.9,0
2026-02-21T02:00,22.5,56,24.25,0.056168
2026-02-21T03:00,24.8,272,33.3,0.2629696
2026-02-21T04:00,26.4,507,42.24375,0.472029675
2026-02-21T05:00,27.7,629,47.35625,0.572751675
2026-02-21T06:00,29.9,679,51.11875,0.608061475
2026-02-21T07:00,31.2,845,57.60625,0.734790875
2026-02-21T08:00,32,767,55.96875,0.671987875
2026-02-21T09:00,32.5,766,56.4375,0.6696755
2026-02-21T10:00,32.3,591,50.76875,0.530082675
2026-02-21T11:00,31.4,370,42.9625,0.3434155
2026-02-21T12:00,30.9,183,36.61875,0.174495075
2026-02-21T13:00,28.3,27,29.14375,0.026552475
2026-02-21T14:00,26.8,0,26.8,0
2026-02-21T15:00,25.3,0,25.3,0
2026-02-21T16:00,24.9,0,24.9,0
2026-02-21T17:00,24.4,0,24.4,0
2026-02-21T18:00,24,0,24,0
2026-02-21T19:00,23.3,0,23.3,0
2026-02-21T20:00,23,0,23,0
2026-02-21T21:00,22.8,0,22.8,0
2026-02-21T22:00,22.6,0,22.6,0
2026-02-21T23:00,22.3,0,22.3,0
2026-02-22T00:00,22.2,0,22.2,0
2026-02-22T01:00,21.9,0,21.9,0
2026-02-22T02:00,22.3,43,23.64375,0.043233275
2026-02-22T03:00,25,225,32.03125,0.218671875
2026-02-22T04:00,26.2,440,39.95,0.413688
2026-02-22T05:00,27.8,656,48.3,0.5948608
2026-02-22T06:00,29.4,768,53.4,0.6807552
2026-02-22T07:00,30.6,796,55.475,0.6989676
2026-02-22T08:00,30.9,752,54.4,0.6635648
2026-02-22T09:00,30.9,586,49.2125,0.5292459
2026-02-22T10:00,30.2,388,42.325,0.3611116
2026-02-22T11:00,28.6,226,35.6625,0.2163611
2026-02-22T12:00,28.2,59,30.04375,0.057809675
2026-02-22T13:00,26.6,11,26.94375,0.010914475
2026-02-22T14:00,26,0,26,0
2026-02-22T15:00,25.2,0,25.2,0
2026-02-22T16:00,24.3,0,24.3,0
2026-02-22T17:00,23.9,0,23.9,0
2026-02-22T18:00,23.4,0,23.4,0
2026-02-22T19:00,23.1,0,23.1,0
2026-02-22T20:00,22.7,0,22.7,0
2026-02-22T21:00,22.3,0,22.3,0
2026-02-22T22:00,22,0,22,0
2026-02-22T23:00,21.9,0,21.9,0
2026-02-23T00:00,22.1,0,22.1,0
2026-02-23T01:00,21.9,0,21.9,0
2026-02-23T02:00,22.6,51,24.19375,0.051164475
2026-02-23T03:00,24.9,266,33.2125,0.2572619
2026-02-23T04:00,26.3,514,42.3625,0.4783027
2026-02-23T05:00,27.8,690,49.3625,0.6227595
2026-02-23T06:00,29.9,851,56.49375,0.743795275
2026-02-23T07:00,31.2,935,60.41875,0.802533875
2026-02-23T08:00,32.2,943,61.66875,0.804685475
2026-02-23T09:00,32.2,691,53.79375,0.611414075
2026-02-23T10:00,31.1,458,45.4125,0.4206043
2026-02-23T11:00,30.1,347,40.94375,0.324870075
2026-02-23T12:00,29.9,170,35.2125,0.1630555
2026-02-23T13:00,29,38,30.1875,0.0372115
2026-02-23T14:00,28,0,28,0
2026-02-23T15:00,27,0,27,0
2026-02-23T16:00,26.3,0,26.3,0
2026-02-23T17:00,25.7,0,25.7,0
2026-02-23T18:00,24.8,0,24.8,0
2026-02-23T19:00,24.2,0,24.2,0
2026-02-23T20:00,23.6,0,23.6,0
2026-02-23T21:00,23,0,23,0
2026-02-23T22:00,22.7,0,22.7,0
2026-02-23T23:00,22.3,0,22.3,0
2026-02-24T00:00,21.5,0,21.5,0
2026-02-24T01:00,21.1,0,21.1,0
2026-02-24T02:00,22.1,59,23.94375,0.059249275
2026-02-24T03:00,25.3,272,33.8,0.2624256
2026-02-24T04:00,26.7,427,40.04375,0.401305275
2026-02-24T05:00,27.9,582,46.0875,0.5329083
2026-02-24T06:00,29.4,717,51.80625,0.640119675
2026-02-24T07:00,30.2,849,56.73125,0.741240675
2026-02-24T08:00,30.6,828,56.475,0.7237548
2026-02-24T09:00,31.1,804,56.225,0.7035804
2026-02-24T10:00,30.9,662,51.5875,0.5915963
2026-02-24T11:00,29.9,371,41.49375,0.346523275
2026-02-24T12:00,28.8,180,34.425,0.173214
2026-02-24T13:00,26.2,22,26.8875,0.0218339
2026-02-24T14:00,25.6,0,25.6,0
2026-02-24T15:00,24.8,0,24.8,0
2026-02-24T16:00,24.4,0,24.4,0
2026-02-24T17:00,23.7,0,23.7,0
2026-02-24T18:00,23.5,0,23.5,0
2026-02-24T19:00,23.1,0,23.1,0
2026-02-24T20:00,22.6,0,22.6,0
2026-02-24T21:00,22.2,0,22.2,0
2026-02-24T22:00,21.9,0,21.9,0
2026-02-24T23:00,21.7,0,21.7,0
2026-02-25T00:00,21.7,0,21.7,0
2026-02-25T01:00,21.6,0,21.6,0
2026-02-25T02:00,22.6,60,24.475,0.060126
2026-02-25T03:00,25.8,281,34.58125,0.270230675
2026-02-25T04:00,26.8,464,41.3,0.4337472
2026-02-25T05:00,28,641,48.03125,0.581947875
2026-02-25T06:00,28.8,748,52.175,0.6666924
2026-02-25T07:00,29.2,615,48.41875,0.557389875
2026-02-25T08:00,29.7,625,49.23125,0.564421875
2026-02-25T09:00,30.1,633,49.88125,0.570000675
2026-02-25T10:00,28.4,379,40.24375,0.355890475
2026-02-25T11:00,27,130,31.0625,0.1268475
2026-02-25T12:00,27.3,96,30.3,0.0939648
2026-02-25T13:00,25.9,29,26.80625,0.028790475
2026-02-25T14:00,24.9,0,24.9,0
2026-02-25T15:00,24.7,0,24.7,0
2026-02-25T16:00,24.1,0,24.1,0
2026-02-25T17:00,23.6,0,23.6,0
2026-02-25T18:00,23.1,0,23.1,0
2026-02-25T19:00,22.6,0,22.6,0
2026-02-25T20:00,22.5,0,22.5,0
2026-02-25T21:00,22.4,0,22.4,0
2026-02-25T22:00,22.3,0,22.3,0
2026-02-25T23:00,22.3,0,22.3,0
2026-02-26T00:00,21.9,0,21.9,0
2026-02-26T01:00,21.8,0,21.8,0
2026-02-26T02:00,22.5,55,24.21875,0.055171875
2026-02-26T03:00,24.7,268,33.075,0.2593436
2026-02-26T04:00,26.3,505,42.08125,0.470495875
2026-02-26T05:00,27,623,46.46875,0.569499875
2026-02-26T06:00,29.1,677,50.25625,0.608606075
2026-02-26T07:00,29.5,700,51.375,0.62615
2026-02-26T08:00,30.5,789,55.15625,0.693826875
2026-02-26T09:00,30.7,662,51.3875,0.5921259
2026-02-26T10:00,30.6,530,47.1625,0.4830155
2026-02-26T11:00,29.7,379,41.54375,0.353919675
2026-02-26T12:00,29.2,163,34.29375,0.156940475
2026-02-26T13:00,26.8,37,27.95625,0.036562475
2026-02-26T14:00,25.9,0,25.9,0
2026-02-26T15:00,24.9,0,24.9,0
2026-02-26T16:00,23.9,0,23.9,0
2026-02-26T17:00,22.9,0,22.9,0
2026-02-26T18:00,22.9,0,22.9,0
2026-02-26T19:00,22.6,0,22.6,0
2026-02-26T20:00,22.3,0,22.3,0
2026-02-26T21:00,22.2,0,22.2,0
2026-02-26T22:00,22.3,0,22.3,0
2026-02-26T23:00,22.1,0,22.1,0
2026-02-27T00:00,21.8,0,21.8,0
2026-02-27T01:00,21.7,0,21.7,0
2026-02-27T02:00,22.4,49,23.93125,0.049209475
2026-02-27T03:00,25.5,193,31.53125,0.187957875
2026-02-27T04:00,26.5,371,38.09375,0.351568875
2026-02-27T05:00,27.6,616,46.85,0.5621616
2026-02-27T06:00,29.1,693,50.75625,0.621603675
2026-02-27T07:00,29.6,685,51.00625,0.613742875
2026-02-27T08:00,30.5,699,52.34375,0.622546875
2026-02-27T09:00,31.1,670,52.0375,0.5975395
2026-02-27T10:00,31.2,627,50.79375,0.562309275
2026-02-27T11:00,30.5,348,41.375,0.325206
2026-02-27T12:00,30,169,35.28125,0.162049875
2026-02-27T13:00,28.6,41,29.88125,0.040199475
2026-02-27T14:00,27.2,0,27.2,0
2026-02-27T15:00,25.6,0,25.6,0
2026-02-27T16:00,25.3,0,25.3,0
2026-02-27T17:00,24.6,0,24.6,0
2026-02-27T18:00,23.9,0,23.9,0
2026-02-27T19:00,23.4,0,23.4,0
2026-02-27T20:00,23.1,0,23.1,0
2026-02-27T21:00,22.7,0,22.7,0
2026-02-27T22:00,22.4,0,22.4,0
2026-02-27T23:00,22.3,0,22.3,0
2026-02-28T00:00,21.9,0,21.9,0
2026-02-28T01:00,21.6,0,21.6,0
2026-02-28T02:00,22.5,46,23.9375,0.0461955
2026-02-28T03:00,24.7,208,31.2,0.2028416
2026-02-28T04:00,26,408,38.75,0.38556
2026-02-28T05:00,27.4,612,46.525,0.5593068
2026-02-28T06:00,29.2,793,53.98125,0.701071475
2026-02-28T07:00,30.6,946,60.1625,0.8129451
2026-02-28T08:00,31.5,914,60.0625,0.7858115
2026-02-28T09:00,32,875,59.34375,0.754796875
2026-02-28T10:00,32,743,55.21875,0.653189875
2026-02-28T11:00,31.3,497,46.83125,0.453599475
2026-02-28T12:00,30.6,239,38.06875,0.226506275
2026-02-28T13:00,28.9,64,30.9,0.0624896
2026-02-28T14:00,27.5,0,27.5,0
2026-02-28T15:00,26.3,0,26.3,0
2026-02-28T16:00,25.3,0,25.3,0
2026-02-28T17:00,24.4,0,24.4,0
2026-02-28T18:00,23.6,0,23.6,0
2026-02-28T19:00,23.1,0,23.1,0
2026-02-28T20:00,22.9,0,22.9,0
2026-02-28T21:00,22.5,0,22.5,0
2026-02-28T22:00,21.8,0,21.8,0
2026-02-28T23:00,21.1,0,21.1,0
2026-03-01T00:00,20.5,0,20.5,0
2026-03-01T01:00,19.9,0,19.9,0
2026-03-01T02:00,20.9,68,23.025,0.0685372
2026-03-01T03:00,25.8,302,35.2375,0.2896331
2026-03-01T04:00,27.3,556,44.675,0.5122428
2026-03-01T05:00,28.9,767,52.86875,0.681498675
2026-03-01T06:00,30.3,927,59.26875,0.799931475
2026-03-01T07:00,31.3,1005,62.70625,0.853420875
2026-03-01T08:00,32,1012,63.625,0.855646
2026-03-01T09:00,32.5,932,61.625,0.795462
2026-03-01T10:00,32.6,775,56.81875,0.676361875
2026-03-01T11:00,31.9,529,48.43125,0.479419475
2026-03-01T12:00,30.9,250,38.7125,0.2362875
2026-03-01T13:00,29.1,62,31.0375,0.0605027
2026-03-01T14:00,27,0,27,0
2026-03-01T15:00,25.7,0,25.7,0
2026-03-01T16:00,25,0,25,0
2026-03-01T17:00,23.7,0,23.7,0
2026-03-01T18:00,22.5,0,22.5,0
2026-03-01T19:00,21.7,0,21.7,0
2026-03-01T20:00,21.2,0,21.2,0
2026-03-01T21:00,21.1,0,21.1,0
2026-03-01T22:00,20.5,0,20.5,0
2026-03-01T23:00,20,0,20,0
2026-03-02T00:00,19.9,0,19.9,0
2026-03-02T01:00,20,0,20,0
2026-03-02T02:00,21.2,67,23.29375,0.067457275
2026-03-02T03:00,26,299,35.34375,0.286628875
2026-03-02T04:00,27.8,548,44.925,0.5043244
2026-03-02T05:00,29.8,774,53.9875,0.6842547
2026-03-02T06:00,31.3,933,60.45625,0.800677275
2026-03-02T07:00,32.3,1014,63.9875,0.8558667
2026-03-02T08:00,33.1,1014,64.7875,0.8526219
2026-03-02T09:00,33.5,933,62.65625,0.792466875
2026-03-02T10:00,33.4,763,57.24375,0.664592075
2026-03-02T11:00,32.7,557,50.10625,0.501063275
2026-03-02T12:00,31.5,312,41.25,0.29172
2026-03-02T13:00,29.2,74,31.5125,0.0720723
2026-03-02T14:00,26.7,0,26.7,0
2026-03-02T15:00,24.6,0,24.6,0
2026-03-02T16:00,23.8,0,23.8,0
2026-03-02T17:00,22.6,0,22.6,0
2026-03-02T18:00,21.9,0,21.9,0
2026-03-02T19:00,21.4,0,21.4,0
2026-03-02T20:00,21.2,0,21.2,0
2026-03-02T21:00,21.1,0,21.1,0
2026-03-02T22:00,20.6,0,20.6,0
2026-03-02T23:00,20.4,0,20.4,0
2026-03-03T00:00,20.1,0,20.1,0
2026-03-03T01:00,19.9,0,19.9,0
2026-03-03T02:00,21,70,23.1875,0.0705075
2026-03-03T03:00,24.8,302,34.2375,0.2908411
2026-03-03T04:00,26.8,552,44.05,0.5099376
2026-03-03T05:00,28.9,763,52.74375,0.678326075
2026-03-03T06:00,30.6,916,59.225,0.7905996
2026-03-03T07:00,31.7,973,62.10625,0.828582475
2026-03-03T08:00,32.2,971,62.54375,0.825180075
2026-03-03T09:00,32.4,904,60.65,0.7750896
2026-03-03T10:00,32.2,657,52.73125,0.584122275
2026-03-03T11:00,31.2,464,45.7,0.4255808
2026-03-03T12:00,30.2,270,38.6375,0.2552715
2026-03-03T13:00,28.5,64,30.5,0.062592
2026-03-03T14:00,26.6,0,26.6,0
2026-03-03T15:00,24.3,0,24.3,0
2026-03-03T16:00,23.3,0,23.3,0
2026-03-03T17:00,22.3,0,22.3,0
2026-03-03T18:00,21.8,0,21.8,0
2026-03-03T19:00,21.2,0,21.2,0
2026-03-03T20:00,20.7,0,20.7,0
2026-03-03T21:00,20.2,0,20.2,0
2026-03-03T22:00,19.5,0,19.5,0
2026-03-03T23:00,18.8,0,18.8,0
2026-03-04T00:00,18.8,0,18.8,0
2026-03-04T01:00,19.9,0,19.9,0
2026-03-04T02:00,21.7,91,24.54375,0.091166075
2026-03-04T03:00,23.5,296,32.75,0.286824
2026-03-04T04:00,25.2,499,40.79375,0.467475675
2026-03-04T05:00,26.8,683,48.14375,0.619771275
2026-03-04T06:00,28.2,820,53.825,0.725454
2026-03-04T07:00,29.3,880,56.8,0.768064
2026-03-04T08:00,30.3,864,57.3,0.7523712
2026-03-04T09:00,30.8,787,55.39375,0.691320475
2026-03-04T10:00,30.9,664,51.65,0.5932176
2026-03-04T11:00,30.6,498,46.1625,0.4558443
2026-03-04T12:00,29.9,298,39.2125,0.2810587
2026-03-04T13:00,28.3,87,31.01875,0.084905475
2026-03-04T14:00,26.3,0,26.3,0
2026-03-04T15:00,24.6,0,24.6,0
2026-03-04T16:00,23.7,0,23.7,0
2026-03-04T17:00,23,0,23,0
2026-03-04T18:00,22.5,0,22.5,0
2026-03-04T19:00,21.9,0,21.9,0
2026-03-04T20:00,21.5,0,21.5,0
2026-03-04T21:00,21.1,0,21.1,0
2026-03-04T22:00,20.7,0,20.7,0
2026-03-04T23:00,20.4,0,20.4,0
2026-03-05T00:00,20.5,0,20.5,0
2026-03-05T01:00,21.4,0,21.4,0
2026-03-05T02:00,22.8,79,25.26875,0.078915075
2026-03-05T03:00,24.3,261,32.45625,0.253215675
2026-03-05T04:00,26.1,453,40.25625,0.425355675
2026-03-05T05:00,28,647,48.21875,0.586909875
2026-03-05T06:00,29.8,811,55.14375,0.713213675
2026-03-05T07:00,31.2,925,60.10625,0.795106875
2026-03-05T08:00,32.5,972,62.875,0.824742
2026-03-05T09:00,33.2,922,62.0125,0.7854979
2026-03-05T10:00,33.3,773,57.45625,0.672645275
2026-03-05T11:00,33,561,50.53125,0.503707875
2026-03-05T12:00,32,323,42.09375,0.300914875
2026-03-05T13:00,30.1,91,32.94375,0.088108475
2026-03-05T14:00,27.7,0,27.7,0
2026-03-05T15:00,25.5,0,25.5,0
2026-03-05T16:00,24,0,24,0
2026-03-05T17:00,22.8,0,22.8,0
2026-03-05T18:00,21.8,0,21.8,0
2026-03-05T19:00,21.2,0,21.2,0
2026-03-05T20:00,20.8,0,20.8,0
2026-03-05T21:00,20.4,0,20.4,0
2026-03-05T22:00,19.9,0,19.9,0
2026-03-05T23:00,19.4,0,19.4,0
2026-03-06T00:00,19.7,0,19.7,0
2026-03-06T01:00,21.1,0,21.1,0
2026-03-06T02:00,23.3,91,26.14375,0.090583675
2026-03-06T03:00,25.5,297,34.78125,0.285379875
2026-03-06T04:00,27.4,513,43.43125,0.475179075
2026-03-06T05:00,29.4,729,52.18125,0.649739475
2026-03-06T06:00,31,903,59.21875,0.779401875
2026-03-06T07:00,32.4,1000,63.65,0.8454
2026-03-06T08:00,33.5,1016,65.25,0.852424
2026-03-06T09:00,34.1,943,63.56875,0.797518675
2026-03-06T10:00,34.1,793,58.88125,0.685528675
2026-03-06T11:00,33.5,582,51.6875,0.5198715
2026-03-06T12:00,32.5,338,43.0625,0.3135795
2026-03-06T13:00,30.9,95,33.86875,0.091629875
2026-03-06T14:00,29,0,29,0
2026-03-06T15:00,27.1,0,27.1,0
2026-03-06T16:00,25.4,0,25.4,0
2026-03-06T17:00,23.7,0,23.7,0
2026-03-06T18:00,22.3,0,22.3,0
2026-03-06T19:00,21.5,0,21.5,0
2026-03-06T20:00,21,0,21,0
2026-03-06T21:00,20.7,0,20.7,0
2026-03-06T22:00,20.3,0,20.3,0
2026-03-06T23:00,20,0,20,0
2026-03-07T00:00,20.4,0,20.4,0
2026-03-07T01:00,22,0,22,0
2026-03-07T02:00,24.3,92,27.175,0.0911996
2026-03-07T03:00,26.4,299,35.74375,0.286150475
2026-03-07T04:00,28.2,517,44.35625,0.476971275
2026-03-07T05:00,30,736,53,0.653568
2026-03-07T06:00,31.5,912,60,0.78432
2026-03-07T07:00,32.9,1009,64.43125,0.849855475
2026-03-07T08:00,34.1,1021,66.00625,0.853530475
2026-03-07T09:00,34.7,949,64.35625,0.799603675
2026-03-07T10:00,34.5,804,59.625,0.692646
2026-03-07T11:00,33.7,600,52.45,0.53412
2026-03-07T12:00,32.5,354,43.5625,0.3277155
2026-03-07T13:00,30.8,101,33.95625,0.097381675
2026-03-07T14:00,28.7,0,28.7,0
2026-03-07T15:00,26.8,0,26.8,0
2026-03-07T16:00,25.2,0,25.2,0
2026-03-07T17:00,23.9,0,23.9,0
2026-03-07T18:00,22.8,0,22.8,0
2026-03-07T19:00,22,0,22,0
2026-03-07T20:00,21.5,0,21.5,0
2026-03-07T21:00,21.1,0,21.1,0
2026-03-07T22:00,20.8,0,20.8,0
2026-03-07T23:00,20.6,0,20.6,0
